102870643,1,Urson,Althrope,3908 Dryden Alley,341-675-2242,10030-7921
103303643,2,Rosita,Cosby,54 Westport Terrace,614-177-4606,10030-7930
107848959,3,Skipton,Mitchinson,66 Carey Alley,896-959-5886,10030-7971
108387341,4,Tore,Francom,79 Division Crossing,517-537-8356,10030-7983
108515889,5,Harriet,Jubb,09 Mayfield Pass,503-209-9456,10030-7993
112063707,6,Olvan,Brigginshaw,5 Carpenter Point,813-607-1814,10030-8041
114238515,7,Jeff,Bonnar,8 Lukken Drive,193-845-6356,10030-8048
116467091,8,Taylor,Brosnan,65005 South Circle,679-419-9087,10030-8056
117471943,9,Corrinne,Luce,4 Sachtjen Drive,872-471-0233,10030-8065
119346560,10,Spike,Sargison,9124 Bonner Road,988-454-9341,10030-8066
121074048,11,Mischa,Andreotti,4 Dawn Road,293-902-4673,10030-8114
125852722,12,Leigha,Shave,760 Del Mar Center,498-311-4802,10030-8124
126265310,13,Marris,Gillivrie,13 Farmco Circle,664-755-3163,10030-8138
130288258,14,Olvan,Sproul,7807 Delaware Lane,496-127-0776,10030-8171
130952615,15,Thaddus,Wurst,5 Karstens Lane,783-312-7772,10030-8178
131562881,16,Rodolphe,Cassius,189 Gerald Avenue,537-146-6245,10030-8192
136188621,17,Luce,Grunnell,6 Bayside Junction,114-974-3624,10030-8199
136426429,18,Burtie,Gauntlett,2 Vera Terrace,300-682-7825,10030-8241
140277798,19,Karel,Lattey,6741 Merry Court,873-613-5986,10030-8295
14431299,20,Laurie,Hawksby,0922 Dovetail Lane,400-218-1500,10030-8324
149918093,21,Jacquie,Ladyman,35 Atwood Drive,477-739-9129,10030-8350
151322839,22,Hobart,Dillinton,84 Lunder Trail,788-839-6488,10030-8385
1565894,23,Noemi,Clemmett,8022 Main Junction,429-345-6947,10030-8390
159306016,24,Roseline,Lowings,71380 Knutson Street,496-334-1152,10030-8443
159575819,25,Maximilien,Feveryear,1 Katie Court,827-948-3708,10030-8467
1602338,26,Fulvia,Ilyas,47987 Stang Street,275-333-0936,10030-8469
162557575,27,Franni,Ely,5622 Homewood Court,970-210-2834,10030-8483
168695018,28,Christen,Antonomolii,73 Montana Plaza,815-364-3216,10030-8499
168986651,29,Myrtice,Grayer,80229 West Court,630-788-3465,10030-8504
170224661,30,Cherice,Bicker,134 Shoshone Alley,664-206-4588,10030-8528
171948336,31,Iona,Dary,8625 Hayes Circle,173-750-2954,10030-8599
17278977,32,Dale,Twells,43006 8th Lane,372-681-9646,10030-8605
175484132,33,Lammond,Clemont,35 Red Cloud Circle,516-612-6647,10030-8606
176105617,34,Judye,Tully,5 Lillian Terrace,811-263-6490,10030-8614
178716719,35,Gwendolen,Mitchinson,01640 Heath Parkway,452-875-5984,10030-8620
179464950,36,Lebbie,Lethem,2 Meadow Valley Way,120-582-5869,10030-8666
180769393,37,Brenn,Laurance,2 Muir Lane,431-611-2114,10030-8670
182292517,38,Joceline,Giraudel,6256 Miller Avenue,769-846-9276,10030-8682
182546365,39,Huntington,Beckles,994 Hanover Point,720-972-8133,10030-8693
187315126,40,Doy,Brogden,96 Hintze Alley,728-331-0287,10030-8698
187768161,41,Jesse,Rehm,5886 Montana Alley,449-133-7102,10030-8726
188146451,42,Monica,De Hailes,6 Florence Way,178-827-2505,10030-8729
189587670,43,Gisele,Burbage,8 Maple Terrace,199-620-4552,10030-8742
191714891,44,Cris,Sanger,994 Lotheville Street,338-180-0641,10030-8744
191743461,45,Filip,Prattington,62256 Kedzie Trail,807-261-1404,10030-8758
194893592,46,Del,Hefferon,182 Lakeland Trail,978-572-5609,10030-8780
195660648,47,Willie,Ewdale,7758 Sunbrook Plaza,907-224-6683,10030-8784
19756067,48,Alvin,Ziemecki,2639 Gale Trail,444-582-2751,10030-8790
199035078,49,Simona,Ganny,06153 Summerview Terrace,442-792-0136,10030-8814
203501658,50,Delbert,McAneny,30 Valley Edge Crossing,842-411-3706,10030-8827
204929224,51,Sherwynd,Bartolacci,0415 Menomonie Parkway,304-349-2584,10030-8863
206819286,52,Kevyn,Leuren,088 Lotheville Court,204-374-6920,10030-8876
209912494,53,Aidan,Dowbiggin,25670 Bayside Terrace,304-375-6540,10030-8879
210340092,54,Noby,MacClure,2 Daystar Junction,525-349-8580,10030-8914
211443792,55,Obadiah,Hollingsby,01601 Pine View Parkway,793-946-1211,10030-8931
220486931,56,Karlie,Nehlsen,9 Little Fleur Lane,928-392-0213,10030-8965
221796903,57,Kacie,Thompson,6 Paget Hill,601-218-9416,10030-8982
224422089,58,Gloria,Stairmond,8117 High Crossing Hill,609-419-2563,10030-8993
23277423,59,Nichole,Simonyi,68 Arrowood Court,701-282-4931,10030-9005
236342662,60,Kenn,Lowdyane,3 Rieder Street,351-895-4867,10030-9009
237123378,61,Camella,Kobpal,5 Straubel Pass,307-642-6541,10030-9023
249420875,62,Douglas,L'Episcopi,0 Packers Place,212-677-3928,10030-9028
25128998,63,Otis,Harrell,254 East Place,852-982-2470,10030-9029
252351183,64,Marjorie,Pinchin,309 Loeprich Way,903-191-3245,10030-9063
255528771,65,Con,Ronald,3079 Beilfuss Road,499-870-8806,10030-9092
258417665,66,Lazar,Kubicki,0 Karstens Junction,123-171-0136,10030-9124
260769243,67,Forester,Herety,169 Maple Trail,620-789-5443,10030-9157
260913946,68,Elliott,Tweedy,97 Northview Crossing,914-135-6609,10030-9173
261056569,69,Arlyne,Vear,733 Village Junction,714-995-1330,10030-9214
261735445,70,Emmalynn,Kinahan,4 Delaware Junction,468-846-0950,10030-9220
265504136,71,Micky,Pieterick,8523 Petterle Circle,546-294-4987,10030-9225
265614138,72,Karel,Bagnal,3 Logan Park,543-136-1651,10030-9255
266255571,73,Lyndsie,Bertomier,44649 Nobel Alley,205-163-0043,10030-9277
266957229,74,Briano,Hardage,16558 Paget Center,374-246-9794,10030-9283
267662373,75,Torrey,Lamplough,4923 Red Cloud Place,220-260-4954,10030-9287
267974386,76,Kin,Janata,05351 Luster Street,206-137-6067,10030-9305
26885931,77,Zacharia,Stolze,5 Fairfield Road,785-824-5633,10030-9335
270822780,78,Tasia,MacPike,93299 Bonner Parkway,659-383-3329,10030-9336
273594651,79,Daffie,Guion,72 Jana Drive,653-704-0891,10030-9378
27434928,80,Drusy,Boich,02 Dunning Crossing,549-229-4811,10030-9471
276805636,81,Edmund,Fontel,3 Browning Road,770-633-1263,10030-9477
278071191,82,Nonah,Littlekit,8243 Badeau Parkway,825-300-8820,10030-9500
279253170,83,Melina,McMorran,586 Merrick Plaza,406-988-2704,10030-9522
279444258,84,Sheffield,Elvin,9371 Eggendart Park,465-581-1249,10030-9531
280028376,85,Martita,Van der Brug,6 Corben Avenue,925-654-4932,10030-9544
280879136,86,Emily,Damant,45 Kinsman Trail,922-376-3424,10030-9554
282140282,87,Micki,Pluvier,97099 Sommers Center,982-156-8567,10030-9563
283169968,88,Vin,Newbegin,81129 Walton Park,513-727-6067,10030-9607
284639360,89,Randi,Robison,57 Riverside Road,817-339-4675,10030-9640
285867109,90,Matilde,Linacre,2 Canary Road,517-716-1393,10030-9650
291150179,91,Raimundo,Dominetti,2 Eliot Alley,107-585-3503,10030-9688
291254535,92,Stanislaus,Readshaw,3037 Golf View Circle,849-705-8612,10030-9761
293436951,93,Jarvis,Fricke,503 Forest Dale Parkway,443-134-8078,10030-9769
293619714,94,Gerick,Gruszka,43668 Raven Crossing,327-537-3806,10030-9779
295784443,95,Neilla,Holdin,535 Bartelt Circle,176-530-7467,10030-9781
298882962,96,Kania,Brent,983 Lotheville Parkway,882-278-1183,10030-9835
299637313,97,Daron,Bilsborrow,7330 Dayton Park,887-148-2620,10030-9836
302152186,98,Arch,Sillito,63 Fairview Junction,174-792-9714,10030-9851
30263784,99,Cayla,Clerke,81 Talisman Alley,996-371-9601,10030-9868
303979676,100,Rakel,Sidebotton,600 Redwing Lane,166-330-9602,10030-9877
309172632,101,Jerrylee,O'Sheilds,7704 Mendota Hill,678-484-1877,10030-9909
314348333,102,Kerri,Bambery,4400 Chinook Park,975-142-0612,10030-9924
314558106,103,Brandie,Balling,1535 Shoshone Hill,708-592-5299,10030-9942
317598464,104,Eddi,Curro,82697 Vermont Drive,791-190-5007,10030-9945
317958064,105,Hallie,Birwhistle,509 Burning Wood Hill,717-739-7866,10030-9953
321263956,106,Alric,Egglestone,71 Jenna Street,400-124-2560,10030-9977
321782940,107,Trent,MacNeice,1507 Manley Park,627-171-4056,10030-9987
321825462,108,Meggi,Carnilian,2 Hagan Way,846-615-8519,10030-9992
322053192,109,Patrice,Mowne,260 Sachtjen Circle,520-853-6742,10040-0042
324933663,110,Hatti,Drayton,9799 Dexter Circle,929-539-5779,10040-0078
326940668,111,Gwennie,Yemm,434 Dunning Drive,244-219-1015,10040-0091
327822496,112,Onida,Burbidge,851 Melby Hill,845-215-8615,10040-0123
330180340,113,Kiah,Dovidian,3673 Cottonwood Point,164-313-8316,10040-0134
331331506,114,Melodee,Bowes,3 Cambridge Center,552-906-0539,10040-0146
33149844,115,Demetrius,Widocks,468 Lillian Plaza,471-657-1602,10040-0155
332797381,116,Giuseppe,Dufour,43838 Springs Junction,846-691-7849,10040-0183
332957218,117,Rhoda,Dolder,2501 Mitchell Alley,376-126-0081,10040-0189
337352251,118,Merrilee,Froom,544 Tony Center,915-981-7135,10040-0195
338316240,119,Adora,Pattingson,9288 Pierstorff Point,302-701-8327,10040-0224
34023657,120,Raffaello,MacAlees,800 Main Street,901-839-6769,10040-0247
340789902,121,Petronilla,Whitmell,18802 Tomscot Alley,320-669-1965,10040-0260
344165956,122,Mirabelle,Viall,766 Sunnyside Avenue,750-557-8523,10040-0262
345069386,123,Callie,Oris,147 Milwaukee Trail,972-581-5911,10040-0291
345343288,124,Gweneth,Jaime,009 Maple Alley,760-776-8825,10040-0321
104877638,125,Demetris,Hawking,6 Stuart Parkway,815-257-6017,10040-0357
107420756,126,Nikolos,Leinster,54390 Michigan Pass,439-492-1891,10040-0363
109112608,127,Leodora,Egglestone,0339 Bellgrove Lane,890-737-8233,10040-0370
109416114,128,Albina,Bontine,4716 Bunker Hill Hill,330-541-9211,10040-0393
109573276,129,Tillie,Mathiassen,15721 Cottonwood Drive,697-333-5300,10040-0414
11070797,130,Owen,Oles,2 Saint Paul Junction,450-746-3111,10040-0423
11392922,131,Kelcy,MacCumeskey,7660 Barby Circle,466-329-4283,10040-0427
115879197,132,Bambie,Priestley,1100 Doe Crossing Junction,969-911-7926,10040-0433
116659105,133,Nicol,Fawcett,8388 Algoma Trail,413-380-8353,10040-0463
117036664,134,Lucio,Di Bartolomeo,6 Jackson Point,841-685-9614,10040-0490
119653972,135,Donall,Gaven,51363 Orin Alley,318-704-4346,10040-0496
120563209,136,Hilly,Caulcott,161 Becker Place,365-657-4306,10040-0504
120577416,137,Berenice,Hatter,87 Portage Junction,207-223-1996,10040-0507
122752850,138,Lynn,Adel,16393 Portage Pass,202-528-5971,10040-0525
123652139,139,Brittaney,Wharram,99 Marcy Park,676-822-2264,10040-0542
126748025,140,Junia,Leser,55590 Charing Cross Street,680-445-2941,10040-0544
128097533,141,Deb,Pringley,55 Bluejay Court,187-650-1114,10040-0545
128443108,142,Leonanie,Pratley,6 Carpenter Alley,686-449-8852,10040-0573
128518129,143,Daron,Ilyunin,9128 Lien Place,916-885-9116,10040-0617
128612130,144,Brander,Gildea,3326 Jackson Point,254-499-4239,10040-0650
132034097,145,Joellen,Lowre,64 Washington Trail,269-102-8766,10040-0670
134943556,146,Salim,Ellins,0463 Nova Park,302-726-9244,10040-0698
139523688,147,Walton,Laville,42127 3rd Way,271-143-2526,10040-0778
141472123,148,Janeczka,Worthing,7 West Place,556-529-4934,10040-0811
144207169,149,Gwynne,McGhie,91 Browning Parkway,443-461-3166,10040-0812
144248293,150,Opalina,Jovic,2988 Jana Road,864-970-4508,10040-0826
144979731,151,Cindelyn,Tivolier,5545 Corben Center,398-484-0088,10040-0832
151515340,152,Rivy,Benneyworth,7 Merrick Pass,547-947-0013,10040-0852
153902356,153,Lars,Lockitt,7 Burrows Plaza,181-499-4242,10040-0886
157243653,154,Franchot,Vinas,4272 Prairieview Road,469-620-0741,10040-0942
164977196,155,Illa,Mabone,6 John Wall Crossing,267-643-1657,10040-0962
166878588,156,Dimitry,Hansmann,963 Barnett Alley,577-826-5937,10040-1008
168044968,157,Brianna,Pellman,095 Columbus Pass,686-712-2109,10040-1013
173113512,158,Shel,Killiam,49808 Gulseth Center,451-279-9438,10040-1025
173172451,159,Rania,Jandel,56 Sutherland Plaza,423-426-4733,10040-1033
175754995,160,Jerrie,Block,897 Mcbride Avenue,222-439-5953,10040-1036
176273691,161,Nollie,Oxenham,4371 Autumn Leaf Plaza,513-661-3519,10040-1049
178441384,162,Benita,Lightbourn,411 Boyd Pass,516-641-3320,10040-1054
182740465,163,Korrie,Gamlyn,5423 Pond Park,855-690-3838,10040-1104
185624225,164,Everett,Di Matteo,130 Graceland Alley,508-610-9987,10040-1117
188295567,165,Lynnelle,Gelsthorpe,7076 Gina Parkway,544-677-0003,10040-1125
192806318,166,Hobey,Royste,484 Nova Lane,112-485-5630,10040-1126
194339959,167,Davidson,Mattis,2535 Packers Terrace,223-426-3452,10040-1169
195475014,168,Shannah,Doret,545 Corscot Plaza,901-345-4152,10040-1217
196486958,169,Emmalee,Silver,3 Fallview Point,758-325-8922,10040-1219
197486263,170,Oralia,Bools,30843 Dakota Road,927-992-0441,10040-1236
199643950,171,Maddie,Rodmell,83 Jenna Parkway,538-553-2441,10040-1251
199774141,172,Kania,Ibarra,9000 Florence Place,289-485-0593,10040-1293
206115857,173,Oralia,Goodlife,9 Chive Road,707-275-1897,10040-1357
207435970,174,Carmon,Gruszecki,6 Anzinger Drive,936-725-9411,10040-1369
208398239,175,Tyne,Kester,55676 Canary Court,655-185-9270,10040-1376
208895817,176,Adolphe,Duiged,2193 Butterfield Hill,472-240-2762,10040-1377
211719092,177,Florance,Galton,0602 Sunfield Street,203-188-4024,10040-1397
214180223,178,Pollyanna,Yair,83717 Buell Pass,380-905-7525,10040-1416
215078517,179,Denna,Midden,920 Ryan Street,303-582-1028,10040-1434
215796344,180,Rubina,Pygott,79830 Blackbird Trail,364-521-6458,10040-1466
217673197,181,Min,Rosell,127 Tomscot Crossing,849-181-5950,10040-1479
218921589,182,Orelle,Whittuck,66331 Pierstorff Center,948-155-1064,10040-1486
219328881,183,Skipp,Cadany,491 Del Mar Center,670-245-5699,10040-1487
220588195,184,Dari,Wellbelove,9 New Castle Point,606-543-3145,10040-1499
228645792,185,Ignacius,O'Nolan,44762 Prentice Park,596-576-5997,10040-1519
228849871,186,Malvin,Crockford,8119 Nobel Center,713-892-2612,10040-1548
231644866,187,Deborah,Antyshev,6 Orin Hill,762-489-1556,10040-1560
233107035,188,Marleen,Shovlar,1278 Judy Avenue,632-165-2774,10040-1596
233759926,189,Tatiana,Lebourn,519 Warrior Drive,592-701-8950,10040-1610
235719439,190,Ambros,Gutridge,3 Union Pass,542-318-2334,10040-1622
237662623,191,Margalit,Bownd,93 Summerview Park,716-732-6333,10040-1639
239856684,192,Lida,Belson,16 Sachs Lane,935-876-9937,10040-1664
241056306,193,Corrine,Bessett,30676 1st Junction,168-195-5567,10040-1679
241626753,194,Winni,Towler,0 Upham Road,794-700-0083,10040-1698
24222148,195,Jennilee,Meneghelli,3971 Grim Pass,124-514-6918,10040-1705
243986248,196,Dorene,Lattin,3 Kim Terrace,946-475-2588,10040-1747
246115331,197,Braden,Ick,755 Doe Crossing Road,606-217-1451,10040-1748
246372633,198,Barr,Tweede,33 Upham Alley,677-713-1982,10040-1776
248275630,199,Hammad,Karran,9896 Bay Park,191-313-2389,10040-1785
249163852,200,Zita,Demaid,7 Pine View Crossing,438-527-2718,10040-1793
251889705,201,Karen,MacLese,118 Scofield Center,790-315-5788,10040-1817
252222833,202,Costa,Brosini,3 Pierstorff Hill,363-328-2967,10040-1819
252260668,203,Welch,Forsdicke,7476 Wayridge Park,983-721-0774,10040-1825
257762198,204,Stacy,Endle,84 Jay Junction,954-781-6692,10040-1832
264955978,205,Kyla,Endle,88 Killdeer Crossing,776-621-2518,10040-1839
267117505,206,Bari,Fernant,121 Quincy Drive,470-709-9344,10040-1848
269232644,207,Lorelle,Matherson,8 Hintze Center,858-109-7412,10040-1864
269728027,208,Jillie,Makiver,24195 Lien Street,607-149-9347,10040-1881
270507654,209,Gian,Felstead,185 Portage Trail,590-158-5240,10040-1906
275754197,210,Bren,McGarry,5957 Transport Court,624-498-5376,10040-1915
280157624,211,Timmie,MacArte,315 Sycamore Parkway,184-380-2422,10040-1923
280821335,212,Jo,Swaden,6010 Novick Alley,537-776-1853,10040-1932
281271843,213,Estevan,Hurlston,57292 Anderson Park,284-516-1398,10040-1935
282350968,214,James,Charlewood,0 Evergreen Place,586-551-9596,10040-1946
284120387,215,Lynett,Bliben,909 Bunker Hill Park,938-185-2256,10040-1949
284821750,216,Joanna,Peers,43944 Rowland Way,870-603-4539,10040-1951
28545767,217,Prentiss,Danigel,47 Spohn Street,576-372-1979,10040-1994
289508883,218,Thebault,Leaver,5508 Gerald Road,206-135-2455,10040-2030
294547740,219,Ashli,Jerome,16 Florence Terrace,678-991-5427,10040-2034
295732714,220,Philis,Stebbin,2 Buena Vista Way,792-818-1409,10040-2036
296534845,221,Brit,Ferronet,475 Tennyson Terrace,422-922-6948,10040-2041
297078441,222,Cal,Cochran,454 Ilene Hill,530-572-4588,10040-2055
297628244,223,Ceciley,Card,510 Manitowish Hill,800-271-2915,10040-2067
297672369,224,Pris,Farguhar,336 Armistice Avenue,178-132-9545,10040-2082
302513078,225,Philippe,Pettit,5 Comanche Plaza,764-263-5415,10040-2131
303051589,226,Alf,Docwra,6411 Westridge Parkway,752-121-1615,10040-2149
315533173,227,Cecile,Neubigging,437 Coolidge Plaza,300-220-4707,10040-2151
324148618,228,Richy,Titcom,6427 International Point,127-612-7154,10040-2163
324483928,229,Nada,Sudlow,1 Marcy Street,301-889-9307,10040-2182
324599434,230,Marcus,Oldham,5845 Chive Lane,954-301-3710,10040-2204
325976699,231,Christye,Mish,4 Mallory Park,897-405-8983,10040-2209
326136116,232,Minor,Brunicke,22509 Lakewood Gardens Place,603-966-5390,10040-2228
327646137,233,Yoko,Smye,4 Corben Crossing,229-437-0735,10040-2244
336941684,234,Lucais,Rankcom,31 Meadow Vale Pass,202-249-8850,10040-2246
337703806,235,Gasparo,Casel,410 Twin Pines Way,528-558-1582,10040-2293
339053765,236,Arnaldo,Palatino,929 Cherokee Avenue,794-658-7206,10040-2296
339556420,237,Jermaine,Turville,5011 Continental Pass,430-407-8678,10040-2324
340321783,238,Erie,Hegdonne,8 Dapin Road,663-785-3280,10040-2366
340383893,239,Parnell,Stoffersen,6 Wayridge Point,546-977-7647,10040-2374
342462199,240,Timmy,Ducham,14 Pepper Wood Trail,802-939-1751,10040-2390
342835382,241,Craggie,Purry,304 Bay Park,893-128-5484,10040-2407
343951175,242,Lynn,Brislen,6 Oakridge Point,402-666-2166,10040-2426
344017496,243,Sylvia,Tafani,81 Arkansas Junction,881-307-2069,10040-2440
101283318,244,Geralda,Lesor,6386 Northwestern Plaza,140-817-7170,10040-2516
101751112,245,Tab,D'Abbot-Doyle,50 Burning Wood Center,823-439-9056,10040-2523
101968468,246,Linea,Spinney,78 Veith Circle,100-629-1427,10040-2541
101979337,247,Anne-marie,Middiff,36159 Fairfield Center,574-220-5591,10040-2553
108793963,248,Chevy,Ciementini,953 Petterle Hill,438-107-5222,10040-2554
110420563,249,Calvin,Privost,1973 Hansons Hill,152-349-0539,10040-2559
112503773,250,Allyce,Stanway,4 Twin Pines Parkway,113-919-9519,10040-2562
120187903,251,Annamaria,McKleod,96874 Dixon Hill,408-668-8912,10040-2587
120249377,252,Martguerita,MacLice,389 Stone Corner Circle,489-544-2243,10040-2641
123133628,253,Henderson,Dils,559 Fieldstone Center,453-109-5211,10040-2651
124135350,254,Clerc,Duligal,83803 Summer Ridge Alley,861-619-2649,10040-2663
127340835,255,Ringo,Tees,816 Cherokee Court,154-965-3554,10040-2684
133629904,256,Bastian,Jacke,934 Eastlawn Lane,838-584-3228,10040-2719
134350813,257,Ileana,Jorio,6326 Dakota Plaza,110-933-0563,10040-2727
134425352,258,Tomlin,Frary,8 Twin Pines Crossing,546-519-7762,10040-2753
135823715,259,Georgianne,Dowsing,96533 Mccormick Terrace,218-766-6797,10040-2770
144930235,260,Almeta,McCarly,94588 Garrison Pass,400-358-4288,10040-2850
14627889,261,Rubie,Galgey,3890 Erie Road,604-943-7629,10040-2860
147683884,262,Base,Heady,21 Debra Terrace,886-181-9999,10040-2885
147940731,263,Petra,Culter,331 Pearson Avenue,189-965-4888,10040-2889
150992102,264,Barr,Hughlock,45 Dwight Crossing,469-864-6409,10040-2904
158364422,265,Elizabet,Plain,14885 Di Loreto Crossing,649-192-0384,10040-2917
158986267,266,Addy,Tyrone,8 Mockingbird Park,937-506-1325,10040-2925
161895428,267,Jocelyn,Worsfold,5 Bobwhite Plaza,785-594-5581,10040-2927
162145066,268,Brinn,Vernall,420 Lindbergh Lane,624-143-3470,10040-2939
165493217,269,Isabel,Berthe,59 Sycamore Lane,396-519-9210,10040-2951
165879488,270,Valentino,Lumly,70066 Westport Pass,558-617-9263,10040-2974
166816824,271,Tatiania,Blackden,53 Myrtle Parkway,975-689-9938,10040-2989
169751496,272,Shaine,Stucksbury,7166 Stephen Terrace,800-536-3710,10040-2995
170716849,273,Janek,Queste,1 North Trail,790-973-7328,10040-3116
171353510,274,Hannie,Maud,2 Talisman Street,242-584-1130,10040-3210
173457929,275,Morty,Smeeth,17 Loomis Way,330-477-5924,10040-3220
175372550,276,Fremont,Riccardi,9545 Oakridge Way,760-996-0538,10040-3275
176253759,277,Ryan,Honacker,8 Buena Vista Plaza,427-107-3251,10040-3289
17840690,278,Olga,Gumbrell,58115 Eggendart Trail,929-593-9542,10040-3320
182219960,279,Chiarra,Gummary,09188 Graceland Parkway,562-161-3868,10040-3327
182240464,280,Rochester,Langer,27625 Straubel Hill,814-745-5861,10040-3410
183363237,281,Isadora,Tennock,024 Ludington Court,287-176-2627,10040-3412
183516572,282,Dan,Coverley,94082 Ridge Oak Circle,743-785-2191,10040-3439
184277715,283,Kiri,Glanz,49 Oneill Street,884-976-4273,10040-3458
184603546,284,Eldredge,Graffin,0448 Clemons Hill,246-570-5439,10040-3474
186781697,285,Frank,Crus,4568 Victoria Center,392-558-2630,10040-3545
187265454,286,Amil,Gadaud,6868 Gina Avenue,212-521-1904,10040-3546
19212896,287,Ania,Sextone,49381 High Crossing Point,462-824-2611,10040-3552
193565368,288,Gerek,Bigrigg,8 Stephen Parkway,251-653-4347,10040-3560
194041143,289,Stafani,Remington,2 Heath Road,226-835-3966,10040-3564
195055738,290,Fernando,Yersin,69 Main Junction,593-756-2087,10040-3570
195789879,291,Felizio,Skydall,90661 Di Loreto Hill,963-828-7257,10040-3590
196107699,292,Tobin,Fabry,90235 Maywood Plaza,463-475-6763,10040-3595
196563321,293,Ilsa,Shewry,63 Goodland Junction,572-907-4508,10040-3602
197277367,294,Jessamine,Allwood,5148 Fremont Park,467-974-5277,10040-3606
198266902,295,Maryanna,Albasiny,99 4th Way,629-595-6267,10040-3620
199163233,296,Sandy,MacSporran,13791 Goodland Center,510-859-2798,10040-3702
199683013,297,Oralia,Mattussevich,5798 Helena Street,173-859-9421,10040-3705
200445050,298,Dyna,Ditts,18169 Dorton Court,211-796-1742,10040-3724
201305891,299,Sky,Van Arsdall,877 Prairie Rose Pass,213-415-1186,10040-3812
206133411,300,Dom,Shapera,43415 Rigney Avenue,236-872-1437,10040-3821
20633268,301,Chelsae,Tattoo,827 Bay Trail,215-858-6742,10040-3825
209945493,302,Clem,Normant,698 Hayes Way,221-589-2112,10040-3836
212047844,303,Tedda,De Moreno,8 Mallard Crossing,661-970-9646,10040-3839
215097726,304,Rosalyn,Leggen,844 Kinsman Circle,683-614-6467,10040-3843
217777199,305,Tammie,Haldane,71077 Kim Center,301-726-4674,10040-3846
219381188,306,Dorry,Senior,9 Dakota Court,128-517-8829,10040-3850
219419244,307,Gwendolyn,Lacotte,19 Darwin Circle,373-335-0083,10040-3851
220321713,308,Bryce,Crosoer,27179 Granby Junction,154-953-3615,10040-3874
22383470,309,Delila,Trevino,3 Nobel Center,986-209-6902,10040-3925
226286284,310,Mikol,Crosston,660 Del Mar Avenue,750-270-0863,10040-3927
22710965,311,Nicolette,Eakins,36 Messerschmidt Point,245-505-2874,10040-3941
227859282,312,Shanda,Songest,367 Novick Drive,328-579-8685,10040-3944
231978209,313,Ernst,McCarthy,388 Cody Street,975-618-4039,10040-3946
232576820,314,Killian,Walch,1277 Larry Plaza,852-451-0919,10040-3963
233818873,315,Tess,Baszniak,3 Farmco Alley,147-843-9741,10040-3965
237467268,316,Llywellyn,Willder,39 Lighthouse Bay Point,544-329-9853,10040-3966
238952970,317,Portie,Medcalfe,11368 Grasskamp Parkway,869-782-4142,10040-3972
239068322,318,Hardy,Goley,11 Cascade Park,394-387-7643,10040-3986
241501792,319,Cybil,Shilvock,6 Judy Avenue,909-400-9797,10040-3997
242025912,320,Wald,Wudeland,41 Hazelcrest Place,561-815-0285,10000-0049
24499944,321,Blair,Spafford,11 Hayes Trail,129-698-1432,10000-0051
248690607,322,Carlee,Gianilli,5 Moulton Crossing,489-194-9703,10000-0100
248839634,323,Carroll,Ayris,18 Manitowish Avenue,784-715-2386,10000-0407
250207334,324,Teodora,Payton,3 Village Green Point,698-854-8318,10000-0439
251261377,325,Hazlett,Pringer,6712 Fisk Crossing,892-644-2296,10000-1475
252358758,326,Sherie,Seymark,82739 Melby Park,126-826-9559,10000-2241
252488186,327,Annette,Sallings,920 Sauthoff Lane,825-100-2985,10000-2639
252782207,328,Lettie,Wheatley,45 Roxbury Place,391-805-4619,10000-2726
253465823,329,Lucy,Baxster,40494 High Crossing Court,538-808-5414,10000-2777
255797213,330,Ermengarde,Manicomb,55627 Gerald Trail,330-429-1130,10000-2814
257379471,331,Humphrey,Di Biagi,6 Sherman Center,242-191-0246,10000-2832
259458890,332,Purcell,Southey,1 Lunder Crossing,113-856-0291,10000-3681
25950932,333,Danella,Hinsche,70015 Welch Crossing,200-542-3595,10000-3685
262432590,334,Ware,Aggis,8356 Bluestem Plaza,321-960-5229,10000-3867
264600934,335,Rosanne,Danielkiewicz,153 Dottie Park,800-376-1312,10000-6008
264646054,336,Austen,Fintoph,51955 Hayes Circle,142-804-6710,10000-6360
27155414,337,Daphene,Thorowgood,6 Springview Road,892-723-2552,10000-6822
272499427,338,Haskel,Kohnert,2 Arrowood Point,790-442-2046,10000-7019
27442454,339,Harlene,Willford,718 Dahle Avenue,167-823-1322,10000-7217
275533677,340,Rosemary,Spragg,5 Old Shore Park,647-714-2472,10000-7483
276735899,341,Douglass,Bernot,3505 Northland Junction,474-429-9977,10000-7913
278853352,342,Dennis,Gillinghams,4 Dapin Alley,913-717-9394,10000-8143
27959503,343,Shandie,Bellini,3 Oriole Lane,587-683-8983,10000-8338
281272771,344,Rabbi,Hardy-Piggin,3 Maryland Court,408-199-3619,10000-8520
282790671,345,Cyndi,Domaschke,543 Lien Drive,168-632-6486,10000-8754
283214570,346,Nonnah,Barthrup,85 Harbort Center,438-933-4135,10000-9077
28330614,347,Vin,Hallbord,6075 Sachs Point,634-418-7693,10000-9266
28481159,348,Bret,Rittelmeyer,4 Petterle Way,429-961-4154,10000-9449
286311856,349,Albina,Beadnell,915 Commercial Lane,939-599-0587,10000-9569
290090131,350,Malvin,Stalman,98178 Dexter Place,737-749-8883,10000-9616
292186214,351,Bobbee,Hilhouse,23288 Basil Point,918-996-8954,10000-9937
292514118,352,Leela,Sibley,411 Autumn Leaf Street,439-206-3386,10010-0010
295074374,353,Cordi,Maudling,17544 Dryden Court,712-626-2874,10010-0079
299406273,354,Dell,Sant,9 Waubesa Pass,831-900-4705,10010-0260
30297345,355,Alice,Winchcomb,8687 Maple Wood Court,619-830-4438,10010-0484
310144343,356,Amabelle,Howland,8 Old Shore Road,762-118-8197,10010-0744
310237117,357,Aldin,McCay,55780 Coleman Drive,559-384-7489,10010-2880
310558065,358,Vance,Keitch,29554 Hudson Drive,364-603-7252,10010-3196
314075977,359,Lynda,Braizier,3 Merrick Hill,442-133-2058,10010-3345
31560544,360,Rudiger,Ainslee,07227 Columbus Alley,423-997-2306,10010-4861
320069125,361,Micky,Bone,47316 Manley Point,533-301-1536,10010-5013
32069524,362,Marjie,Boick,41170 Morning Parkway,544-838-1466,10010-5195
320773771,363,Kelli,Paget,044 Sommers Road,284-464-6906,10010-5210
320916824,364,Stefa,Shalcros,660 Roxbury Point,324-736-1243,10010-5288
32378348,365,Dorette,Bolsover,7 Rowland Circle,489-552-3164,10010-5388
323863974,366,Ginevra,Canet,08721 Lakeland Parkway,250-341-5534,10010-5417
327251813,367,Leta,Titheridge,8 Melby Park,998-587-8905,10010-5742
327306752,368,Ikey,Simonato,5586 Montana Crossing,133-534-3930,10010-5948
333792294,369,Stanton,Gormley,337 Northport Crossing,528-966-4265,10010-6067
338453148,370,Giacomo,McGeouch,4104 Arrowood Park,198-858-1467,10010-6144
338555629,371,Ricoriki,Furness,8518 Moulton Lane,116-422-9292,10010-6387
341382346,372,Amalia,Lantry,42 6th Junction,411-476-1155,10010-6628
341907174,373,Joellyn,Kerwick,30629 Express Way,674-498-0555,10010-6888
342336266,374,Barbette,Abrahmovici,82 La Follette Crossing,126-702-8377,10010-7455
342666299,375,Myrtle,Etheredge,6888 Comanche Pass,375-986-6373,10010-7758
344342948,376,Carmelia,Gledstane,13 Cottonwood Park,559-219-3304,10010-7769
100598775,377,Teri,Yukhtin,099 Ryan Avenue,945-661-0929,10010-8010
100722388,378,Doralyn,Priddle,89864 Trailsway Center,879-971-3539,10010-8507
101198259,379,Willyt,De Mico,6714 Burning Wood Way,675-560-1901,10010-8947
102528862,380,Burnaby,Callinan,90310 Vahlen Way,365-363-1156,10010-8965
103202884,381,Kimbell,Meaddowcroft,985 Prentice Court,551-199-5618,10010-9247
108354802,382,Isak,Baverstock,3 Alpine Parkway,610-192-0587,10010-9321
108567025,383,Rea,Truse,09907 Schmedeman Hill,362-167-8914,10010-9370
109306185,384,Lorelle,Routhorn,4 South Place,573-794-0240,10010-9800
110199737,385,Algernon,Hamberstone,84799 Stone Corner Avenue,949-765-6422,10010-9861
112039459,386,Saba,Antonik,93 Southridge Parkway,667-161-7762,10020-0032
112133799,387,Gnni,Donaldson,02 Barby Pass,570-850-5935,10020-0238
112267490,388,Jeffrey,Cross,93 Harbort Place,996-704-0386,10020-0357
113760759,389,Alphonso,Mollett,0147 Cascade Place,694-347-1000,10020-0594
115862933,390,Jerrine,Lanney,06 Lindbergh Pass,229-407-7921,10020-0681
116908028,391,Gardy,Ferrarin,512 Westport Hill,147-886-4784,10020-0740
117664570,392,Rustie,Stamper,07824 Stang Hill,969-381-5555,10020-0813
119421512,393,Madalena,Pischof,3377 Cambridge Junction,413-242-8520,10020-0887
126025671,394,August,Mallon,48 Longview Hill,599-424-0127,10020-0945
126447362,395,Archibald,Hellikes,39 Butterfield Place,917-600-4393,10020-0996
128861052,396,Kristoffer,Steere,34 Sherman Terrace,474-614-9615,10020-1058
130353049,397,Jacenta,Enstone,3898 Eagle Crest Road,807-997-6630,10020-1319
132717008,398,Dacie,Radford,134 Hayes Street,929-356-1151,10020-1367
133903047,399,Trey,Whitely,4 Buena Vista Place,235-629-5739,10020-1474
134342764,400,Ogdan,Spinnace,460 6th Lane,600-864-1475,10020-1625
137332078,401,Timothy,Bissell,4 Cherokee Court,150-296-6777,10020-1693
138034044,402,Anne-marie,Streatfeild,375 Melvin Terrace,593-328-8169,10020-1766
140824985,403,Camille,Kerswell,79361 Shopko Park,517-971-4114,10020-1855
14177404,404,Alexi,Livesay,26452 Pennsylvania Lane,827-328-4644,10020-2048
14222719,405,Gawain,Beardall,18 Caliangt Street,878-778-2538,10020-2139
143580685,406,Sonny,Monkhouse,7 Brickson Park Drive,465-647-0062,10020-2142
145472085,407,Guenna,Gingle,450 Jenifer Plaza,892-580-3069,10020-2165
147107852,408,Lemar,Gregorio,451 Randy Terrace,301-855-7457,10020-2192
148828272,409,Wainwright,Cardiff,6743 Rigney Place,291-961-2849,10020-2244
148945790,410,Dew,Bagot,1543 Mitchell Alley,232-102-2135,10020-2414
151119316,411,Christye,Gabbitis,9865 Esch Place,647-634-2083,10020-2420
152022260,412,Granville,Davydoch,833 Bartelt Avenue,327-161-2770,10020-2423
157043714,413,Pauli,Cavey,15831 Forest Run Street,375-200-6245,10020-2585
159276046,414,Anthony,Heighton,767 Butternut Avenue,392-117-6803,10020-2590
160012823,415,Dulce,MacClenan,3298 Lindbergh Park,424-360-9631,10020-2620
161128107,416,Kiel,Look,3173 Utah Court,994-392-7465,10020-2624
163662908,417,Jeddy,Beahan,8768 Buhler Place,324-559-3048,10020-2697
164248694,418,Merl,Sporton,68872 Northfield Trail,867-910-5535,10020-2729
169157128,419,Beulah,Melmore,402 Nancy Alley,394-534-4142,10020-2759
173780779,420,Kile,Prewer,164 Granby Street,327-794-3302,10020-2793
175030366,421,Lindon,Le Barr,30 Stang Lane,271-863-0125,10020-2820
175813656,422,Eb,Skene,6 David Way,647-343-8553,10020-2899
17728320,423,Ashlen,Turrell,2719 Holmberg Way,170-582-9648,10020-3213
177733053,424,Chantal,Bortolutti,6873 Arrowood Parkway,457-906-8895,10020-3222
178981785,425,Harwilll,Lydster,42060 Clove Alley,846-211-7257,10020-3265
179047970,426,Petunia,Monger,08808 Mayer Junction,583-397-4078,10020-3336
17955547,427,Nevsa,Kepe,45 Dottie Point,464-425-9949,10020-3546
181136771,428,Mag,Cassely,66 Fordem Crossing,793-871-0913,10020-3574
182351240,429,Bernie,Lloyd-Williams,9 Menomonie Circle,794-818-7501,10020-3692
183039962,430,Gavrielle,Yewman,61166 Lerdahl Drive,335-748-6493,10020-3694
185670049,431,Alverta,Cardenoza,141 Northwestern Parkway,235-850-6949,10020-3706
18761147,432,Mariele,Wyne,9 Ridgeway Pass,545-688-7318,10020-3743
188191650,433,Nonie,Iorizzi,82141 Cardinal Trail,668-594-6702,10020-3754
195852049,434,Albertina,Paten,4675 Becker Junction,102-834-8807,10020-3779
195902845,435,Jean,Plume,05017 Summit Parkway,132-677-9595,10020-3832
1973064,436,Cathrine,Mouton,10 Delladonna Pass,772-600-8363,10020-4054
198849057,437,Willie,Eshmade,75 Derek Drive,368-381-9354,10020-4089
199165944,438,Cristin,Claybourn,906 Mandrake Plaza,490-488-3065,10020-4097
199290143,439,Vania,Hardacre,230 Autumn Leaf Park,853-250-8602,10020-4135
199542561,440,Von,Schach,0 Bayside Street,427-228-8339,10020-4235
204552080,441,Ewart,Davydychev,80 Derek Circle,457-224-9072,10020-4298
204732545,442,Nappy,Paschke,89358 Kipling Lane,824-704-6534,10020-4369
208700039,443,Mala,Romand,3106 Hazelcrest Circle,447-121-1365,10020-4431
210109568,444,Aldric,Synnott,00 Jenifer Court,804-670-2253,10020-4453
210892799,445,Humberto,Gammell,4587 Arapahoe Way,366-571-7618,10020-4481
214011115,446,Cassie,Francesconi,613 Sloan Park,725-849-5665,10020-4543
219482423,447,Alina,Van Vuuren,70850 Hovde Point,155-612-3112,10020-4629
222608280,448,Gennie,Olivari,75 Scofield Hill,626-678-1722,10020-4657
223314536,449,Gay,Roylance,80050 Banding Drive,401-815-2019,10020-4676
2237502,450,Francyne,Burridge,06742 Oak Valley Park,645-670-8527,10020-4731
228130926,451,Loy,Webbe,91 Eliot Street,123-570-8250,10020-4760
228762664,452,Fanechka,Boyd,26 Barnett Court,409-740-1739,10020-4777
229627833,453,Reese,Butterworth,4 Longview Parkway,811-882-3906,10020-4890
230614211,454,Jeffie,Platfoot,4312 Westerfield Place,450-777-4994,10020-4951
231342040,455,Svend,Humfrey,5 Porter Court,823-953-0208,10020-5057
233511506,456,Weston,Bowller,76 Pleasure Terrace,540-156-6763,10020-5066
236247146,457,Tuck,Stuchburie,17 Arkansas Lane,182-107-8813,10020-5090
23657906,458,Franny,Boag,9 Sunbrook Pass,211-314-3728,10020-5108
238506862,459,Ardith,Mancer,8339 Scott Way,418-587-4610,10020-5191
240863115,460,Roselin,Tarney,6 Old Gate Avenue,483-910-6431,10020-5198
244787341,461,Francoise,Snartt,014 Michigan Junction,375-239-8410,10020-5237
245360446,462,Ellen,Shippard,0548 North Hill,878-878-6298,10020-5249
246499783,463,Neila,Raubenheimers,80164 Melody Park,484-702-6610,10020-5397
248545047,464,Leicester,Slopier,552 Reinke Pass,529-798-8207,10020-5439
248930707,465,Alyosha,Tratton,0 Maple Wood Road,273-119-1525,10020-5478
249910984,466,Elden,Challener,115 Cambridge Way,511-609-5158,10020-5481
25364799,467,Wadsworth,Domange,5317 Village Drive,288-157-8671,10020-5510
254376178,468,Alleen,Woodings,7442 Lien Pass,657-963-5111,10020-5524
26030602,469,Aigneis,Dailey,779 Huxley Alley,330-512-4900,10020-5540
264753274,470,Vinnie,Haydney,747 Shelley Park,228-772-7630,10020-5546
267062744,471,Oneida,McKeighen,140 8th Road,613-240-0015,10020-5648
273424934,472,Gustaf,Harty,2 Bartelt Plaza,122-164-9328,10020-5745
276915621,473,Nicky,Copcott,3131 Westport Plaza,812-711-8729,10020-5784
280676479,474,Whitaker,Wedlake,66 Eliot Crossing,791-976-0007,10020-5797
282062135,475,James,Cuthill,0 Blue Bill Park Court,255-781-0914,10020-5799
289767897,476,Evangelia,Fears,67 Beilfuss Junction,974-615-2646,10020-5804
290035772,477,Svend,Baldrey,837 Thackeray Trail,668-267-4860,10020-5914
291102389,478,Mace,Stair,19318 Grasskamp Parkway,790-392-5299,10020-5916
295143095,479,Deane,Bampford,60 Susan Pass,681-327-2095,10020-6027
301685572,480,Pris,Cavee,601 Stoughton Hill,441-533-0645,10020-6126
308174563,481,Aeriell,Purbrick,336 Raven Drive,459-832-2398,10020-6191
309591102,482,Tonnie,Alben,16 Bunting Crossing,539-772-1057,10020-6209
310625369,483,Seymour,Bussetti,46 Lillian Pass,323-269-2147,10020-6243
31094124,484,Ambrosius,Dufaur,6 Charing Cross Circle,209-477-4264,10020-6255
313967491,485,Amabelle,Bayford,6 Lyons Crossing,229-264-8468,10020-6269
314785228,486,Heriberto,de Mendoza,923 Superior Parkway,510-795-0338,10020-6271
316645848,487,Garek,De Paoli,7 Kenwood Hill,428-777-6417,10020-6334
316698980,488,Jasmine,Coverly,1 Troy Court,117-945-0917,10020-6487
318119002,489,Hillie,Chape,370 Merrick Street,100-193-2178,10020-6498
31854735,490,Ashla,Lauridsen,073 Nevada Road,744-620-1080,10020-6509
321835626,491,Kelvin,Nast,641 Columbus Parkway,664-589-6182,10020-6630
32362492,492,Alfonse,Korpolak,872 Shoshone Lane,933-804-2327,10020-6651
32552175,493,Benyamin,Delucia,476 Golden Leaf Place,886-640-1388,10020-6765
329521475,494,Berthe,Dring,2 Rieder Road,218-158-6155,10020-6767
330526287,495,Allin,Teliga,1592 Springs Street,341-442-5813,10020-6775
331159976,496,Lemar,Byrth,91269 Waxwing Parkway,251-747-5736,10020-6797
332689962,497,Calvin,Thomen,86 Arrowood Plaza,670-736-3802,10020-6804
33342857,498,York,Dignon,8507 Commercial Center,378-120-9036,10020-6855
334797686,499,Scarlett,Really,73042 Nevada Drive,332-305-6475,10020-6864
335281263,500,Othella,Bullough,6 7th Point,609-422-5269,10020-6876
335938354,501,Fallon,Zavattieri,7 Hoard Way,570-613-4884,10020-6879
342045731,502,Mab,Norgan,317 Melody Road,558-209-7508,10020-6896
3437169,503,Harlene,Bruna,0886 Killdeer Street,344-263-7569,10020-6901
101478432,504,Ivory,Di Giacomo,80888 Meadow Ridge Park,896-254-5671,10020-6950
103548604,505,Binnie,Eschalotte,084 Golden Leaf Road,209-904-3105,10020-7013
104019962,506,Winfield,Bailes,4 Menomonie Avenue,500-711-3036,10020-7068
10554786,507,Lorena,Kilgannon,8 Cambridge Alley,528-580-6096,10020-7070
106351289,508,Frazier,Cullingworth,51751 Oriole Road,483-974-1334,10020-7221
107061167,509,Bessy,Carn,3 Marcy Junction,841-678-0196,10020-7226
109696372,510,Phaidra,Sloat,49613 Sheridan Court,231-285-1966,10020-7325
112864909,511,Lynn,Fransoni,702 Sycamore Circle,246-913-7882,10020-7327
114649789,512,Thaine,Patershall,5 Logan Crossing,789-895-1517,10020-7391
114940257,513,Moria,Carmo,612 Onsgard Pass,520-258-2195,10020-7421
116386063,514,Nina,Fegan,7498 Melvin Trail,352-242-8071,10020-7470
120759538,515,Charin,Thraves,17845 Schlimgen Point,136-715-7427,10020-7473
1230577,516,Cookie,Rosita,623 North Way,289-631-2348,10020-7488
127779262,517,Daphene,Schimke,69640 Hauk Court,637-933-0467,10020-7515
128696109,518,Rickard,Menguy,1 Melrose Center,875-697-4707,10020-7517
128740815,519,Brittaney,Whotton,74 Forest Dale Crossing,144-192-5403,10020-7545
133388289,520,Catie,Inmett,21 Brickson Park Plaza,810-651-1897,10020-7564
136927787,521,Oralle,Soar,7 Roxbury Drive,632-416-5679,10020-7580
13741703,522,Renee,Sherland,29 Springs Avenue,299-118-5626,10020-7682
138837344,523,Jewell,Dobsons,560 Everett Place,590-784-6279,10020-7734
14292573,524,Roy,Trenoweth,96 David Crossing,471-346-9849,10020-7739
143905826,525,Sandor,Treske,8644 Dawn Junction,548-438-1030,10020-7770
147711384,526,Dell,Stoop,0 Golf View Park,743-238-3617,10020-7782
14772298,527,Neysa,Ruxton,1270 Service Center,489-904-6899,10020-7807
151599767,528,Thorny,Drejer,8 Colorado Drive,358-421-3022,10020-7831
151833398,529,Alphard,Peaple,949 Anniversary Drive,917-599-6663,10020-7917
153458028,530,Elbertina,Seabon,2 Toban Crossing,611-798-3971,10020-8000
154015453,531,Godart,Larrosa,61 Kenwood Point,166-969-7618,10020-8029
156703689,532,Hewet,DelaField,230 Kedzie Point,981-932-1021,10020-8072
157802493,533,Kirsti,Crosoer,694 Dawn Parkway,411-213-3034,10020-8113
158965366,534,Glendon,Giveen,19 Roth Plaza,526-948-8634,10020-8138
161097238,535,Cynthia,Haburne,6 Walton Drive,583-654-6604,10020-8139
162986189,536,Wat,Mutimer,5 Lerdahl Drive,973-437-6206,10020-8264
164743262,537,Carlin,Balfre,35 Gulseth Park,909-694-7348,10020-8292
16705545,538,Janifer,Hallin,403 Sundown Street,652-461-6090,10020-8300
168644343,539,Leona,Oen,63 Clemons Pass,129-638-1082,10020-8329
169701495,540,Genovera,Nast,19 Truax Crossing,715-737-7132,10020-8350
171687312,541,Sylas,Benne,7 Moland Crossing,917-981-5425,10020-8480
176213858,542,Eyde,Pharaoh,876 Dapin Road,235-721-9554,10020-8486
176937329,543,Crichton,Duley,3 Burning Wood Court,565-624-3713,10020-8512
177151486,544,Quill,Joslyn,16 Kings Terrace,724-864-7266,10020-8537
177501779,545,Howie,Cruce,78068 Saint Paul Place,663-365-2163,10020-8640
178557485,546,Lorine,Sier,226 Village Road,586-546-1239,10020-8647
183735363,547,Muffin,Chelam,740 Forster Road,815-877-2435,10020-8803
185437322,548,Janka,Shakespear,072 Bunker Hill Place,775-742-8826,10020-8819
186218181,549,Nickola,Bromage,7 Hansons Road,519-272-3236,10020-8882
188061925,550,Danette,Bengough,5 Oneill Point,502-406-6836,10020-8889
189124029,551,Trenton,Pinching,7416 Grasskamp Circle,604-188-2180,10020-8905
189916518,552,Carmelita,Dechelette,31 Kinsman Point,350-247-8948,10020-8906
192352424,553,Karyl,Thornhill,32355 Waxwing Terrace,534-606-1903,10020-8972
203227446,554,Sidnee,Wolsey,69132 Donald Lane,430-114-4100,10020-8994
204250859,555,Hew,Chismon,7437 Summerview Drive,830-842-7758,10020-9003
205152524,556,Bell,Merali,3 Vera Avenue,320-653-8946,10020-9005
212776587,557,Reynold,Monketon,4 Porter Crossing,639-729-1142,10020-9048
216693648,558,Dorena,Grim,088 Eastlawn Terrace,899-927-0286,10020-9066
217506654,559,Mac,Clancy,28893 Warbler Crossing,953-988-4058,10020-9074
218251888,560,Herschel,Bracey,833 Lotheville Place,267-146-9956,10020-9089
219098888,561,Alysa,Dickenson,9 Hauk Crossing,674-745-9466,10020-9094
220186099,562,Donnie,Kops,656 Blue Bill Park Trail,134-209-0974,10020-9101
221680292,563,Gayel,Blackboro,03 Harper Center,168-705-5893,10020-9104
223373180,564,Jazmin,Sillis,52051 Debs Center,427-362-4057,10020-9167
224027590,565,Trudie,Inmett,8704 Duke Terrace,790-924-9887,10020-9207
228672871,566,Moss,Rubel,6831 Macpherson Parkway,866-609-0298,10020-9225
229703565,567,Luis,Beckson,935 Prentice Alley,472-860-6671,10020-9261
23193706,568,Corena,Camosso,26 New Castle Crossing,424-218-2741,10020-9285
232820285,569,Netta,Dudson,34 Clyde Gallagher Road,870-736-0625,10020-9303
233311345,570,Adham,Harding,05799 Coleman Street,273-762-6156,10020-9330
238041687,571,Sergei,Rayhill,59394 Erie Road,722-798-5576,10020-9376
239029124,572,Jimmy,Parrish,5545 Maple Wood Lane,920-415-6502,10020-9384
239213402,573,Maurise,Larwood,76 Arrowood Crossing,183-258-7842,10020-9401
23951103,574,Cilka,Cowitz,9026 Express Drive,460-703-3966,10020-9408
243928992,575,Stefania,Gotcliffe,177 Haas Park,198-106-0515,10020-9463
244205997,576,Herculie,Jeannesson,98905 Dixon Pass,536-189-8046,10020-9465
244602637,577,Johnette,Cannan,252 Badeau Drive,813-693-2302,10020-9549
251583175,578,Uri,Peebles,25224 Southridge Place,998-701-7561,10020-9582
252189705,579,Hilary,Mabb,71448 Washington Place,349-975-5380,10020-9613
25955392,580,Barbara-anne,Slimm,4 Paget Plaza,102-301-5940,10020-9678
259958208,581,Ferdinanda,Marke,52 Continental Plaza,644-709-2287,10020-9697
260585449,582,Vilma,Bussy,5488 International Avenue,148-598-1236,10020-9715
262107180,583,Jilly,Mines,64134 Magdeline Hill,914-988-8871,10020-9720
263539665,584,Erastus,Alfonsetto,50110 Graedel Junction,365-172-1277,10020-9721
26787274,585,Bill,Mozzi,4858 Fair Oaks Street,299-374-6119,10020-9723
269741591,586,Harald,Instone,83066 Oak Pass,978-172-3746,10020-9727
271569088,587,Delila,Antonnikov,129 Prentice Junction,914-651-3014,10020-9740
271603452,588,Steffi,Djorvic,236 Kropf Avenue,389-453-1154,10020-9741
274765477,589,Lynnet,Guye,9 Carioca Avenue,828-329-1206,10020-9780
275020119,590,Chloris,Copnall,2 Bluestem Pass,570-885-0498,10020-9800
276184392,591,Erny,Blunden,51469 Havey Park,483-146-2121,10020-9846
277168430,592,Livia,Gallegos,8829 Eagan Hill,556-659-2176,10020-9997
279914818,593,Kennedy,Simcox,12 Walton Park,113-685-9311,10030-0011
280282579,594,Odetta,Arboine,53091 Melrose Trail,539-871-1354,10030-0091
283973189,595,Reinhold,Brickner,438 Oriole Road,775-584-1539,10030-0098
285068045,596,Emera,Mawer,788 Kim Crossing,298-233-9938,10030-0102
285890214,597,Hatti,Boerder,9 Starling Pass,423-578-6507,10030-0109
289016986,598,Fiann,Gouda,807 Iowa Parkway,432-710-3452,10030-0120
290378535,599,Marigold,Frowen,9 Oak Street,683-131-9107,10030-0121
2937039,600,Neddie,Cumberbatch,13971 Red Cloud Drive,356-270-2905,10030-0147
293831016,601,Kirbie,Trewhella,58 Vernon Street,350-467-6781,10030-0170
29583885,602,Ivie,Castellaccio,62678 Arkansas Road,704-395-1453,10030-0197
300390804,603,Meggi,Shepard,365 Armistice Pass,892-509-2373,10030-0198
30171914,604,Adolphus,Gauford,7 Crownhardt Junction,916-601-1552,10030-0231
302340178,605,Darsey,Mattingly,2028 Londonderry Point,916-924-6941,10030-0245
306044174,606,Ester,Helstrip,1 Dahle Hill,106-581-9678,10030-0246
306355632,607,Maurise,Veryan,750 Onsgard Court,369-384-3199,10030-0277
307487653,608,Merilyn,Miquelet,40 Del Mar Street,927-840-8677,10030-0298
307784811,609,Devy,Huskisson,965 Welch Circle,520-123-7866,10030-0333
308015694,610,Casie,Hawarden,10164 Manufacturers Circle,507-611-4027,10030-0358
308577061,611,Melisenda,Doole,35195 David Park,634-769-6706,10030-0386
31093765,612,Mayor,Stanbury,5 Kennedy Center,414-253-5386,10030-0390
311687381,613,Marla,Germaine,2 Arkansas Crossing,542-144-8623,10030-0398
311823972,614,Anette,Voss,95 Almo Lane,889-830-9063,10030-0401
312400593,615,Dari,Cowp,79678 Old Shore Center,665-804-7880,10030-0418
31294252,616,Jodi,Scottrell,104 Warrior Point,987-776-3759,10030-0484
320288600,617,Delilah,Jenkison,58 Elka Place,735-293-3474,10030-0538
320943830,618,Griselda,Garvey,16248 Gerald Street,143-484-5765,10030-0553
324916902,619,Joellen,Cottell,7 Welch Drive,610-977-9912,10030-0560
326305958,620,Bradan,Sellek,8 Summer Ridge Junction,464-110-8424,10030-0609
326664327,621,Rosabelle,Roizin,6312 Kensington Point,129-870-2515,10030-0636
328749492,622,Lenette,Camosso,84939 Elmside Place,598-773-8407,10030-0644
329167076,623,Glenn,Blandamore,72 Sherman Road,770-823-3177,10030-0649
330906441,624,Brandais,Donovin,9 Crownhardt Lane,872-567-9401,10030-0650
330945289,625,Gian,Schleicher,23114 Steensland Street,527-546-8895,10030-0741
334339260,626,Kariotta,Ayscough,36046 Mesta Pass,264-900-0528,10030-0746
334963308,627,Davina,Brason,415 Lindbergh Alley,822-819-9516,10030-0749
335259871,628,Fergus,Trowle,9215 Fair Oaks Junction,906-740-0364,10030-0777
336103769,629,Ursuline,Knowlden,98 Shopko Junction,923-400-7610,10030-0810
3374990,630,Glynis,Kiefer,6978 Fremont Circle,560-313-0864,10030-0867
33875081,631,Taite,Mainland,574 Oneill Crossing,764-294-7606,10030-0889
340627912,632,Kirsten,Breslauer,29962 Northwestern Pass,430-856-6154,10030-0925
342687694,633,Robers,Maggorini,67 Arrowood Lane,635-546-5632,10030-0934
101311336,634,Alethea,Halksworth,6787 Scott Trail,409-179-9763,10030-0958
102097917,635,Beilul,Sprigings,86 Ohio Center,596-116-8105,10030-0963
102357934,636,Carmela,Bryce,7560 Elmside Junction,337-615-9328,10030-0971
103198973,637,Blakelee,Browett,7079 Redwing Center,136-429-1334,10030-0978
104323428,638,Shirl,Miere,55668 Ronald Regan Parkway,693-623-5105,10030-0999
105859277,639,Jarrid,Asling,56 Montana Park,157-828-4211,10030-1078
10697961,640,Tedman,Seagrave,43898 Hazelcrest Way,260-570-1466,10030-1104
108707009,641,Gay,Maroney,1593 5th Circle,229-549-7364,10030-1115
108968325,642,Lynnea,Millwall,10 Manley Trail,308-420-7687,10030-1155
109425263,643,Vannie,Fetter,88191 Oak Valley Street,591-905-4465,10030-1165
114304194,644,Germaine,Lauder,2032 Maple Circle,808-574-1987,10030-1175
114552720,645,Marleen,Mutlow,4 Anhalt Hill,907-258-9371,10030-1210
11607792,646,Vivienne,Lionel,321 Logan Way,872-568-0770,10030-1236
117326433,647,Cindi,Baselio,40 Rusk Trail,953-574-4300,10030-1252
11771389,648,Issy,Sawtell,42 Fallview Hill,917-266-8243,10030-1253
117796654,649,Alexandro,Warbey,375 Alpine Parkway,369-630-1712,10030-1254
118142903,650,Ricardo,Cornils,89 Sheridan Circle,133-678-5389,10030-1262
119619525,651,Adriano,Turnock,5272 Waubesa Point,926-106-7920,10030-1267
12106167,652,Nickolaus,Wait,2 American Ash Terrace,303-584-8583,10030-1292
123668270,653,Olga,Titmus,712 Hauk Parkway,403-473-1824,10030-1297
123810672,654,Philomena,Mc Giffin,00903 Wayridge Park,500-597-0354,10030-1302
123889644,655,Kippie,Pynner,4 Bonner Court,653-440-7469,10030-1327
125143619,656,Ilise,Jarvis,5001 Thierer Point,172-850-8094,10030-1341
127034422,657,Maria,Gehricke,68 Longview Junction,864-117-4925,10030-1344
129770356,658,Jared,Melonby,757 Sullivan Parkway,847-645-7648,10030-1349
132723328,659,Christiano,Bricknell,454 Washington Lane,134-387-2281,10030-1433
13321802,660,Evangeline,Bramble,9 Derek Terrace,225-538-9237,10030-1460
134123362,661,Pincus,Aaronson,00172 5th Place,775-656-4004,10030-1471
135567339,662,Godart,March,34 Rockefeller Circle,563-594-8677,10030-1473
135962973,663,Elissa,Klaesson,2 Dawn Trail,394-532-6852,10030-1486
13707912,664,Jodee,Penzer,7 Bluejay Plaza,804-291-4933,10030-1487
137850504,665,Leoine,Costley,9 Sheridan Drive,559-805-5418,10030-1505
139088058,666,Felice,Davidovitch,110 North Lane,722-244-8889,10030-1528
142359124,667,Ddene,Peealess,74 Muir Avenue,524-764-3389,10030-1544
145612562,668,Elga,McCloughlin,3 Birchwood Street,471-458-3019,10030-1557
147576728,669,Liane,Loughran,4 Dottie Pass,655-504-7797,10030-1576
153484572,670,Luciana,Hanscome,9659 Sycamore Center,205-426-6275,10030-1582
154506268,671,Row,Yosifov,09903 Eastwood Lane,858-973-0956,10030-1597
154981267,672,Gaylene,Acum,061 North Road,794-144-7071,10030-1618
155305233,673,Britteny,Wudeland,05406 Luster Center,629-680-6672,10030-1649
156613855,674,Alicia,McArthur,56 Lillian Avenue,226-274-6351,10030-1651
157222476,675,Luigi,Gilardi,43 Shelley Parkway,718-306-8300,10030-1671
159523383,676,Emmie,Hardstaff,32 Grover Drive,792-575-8426,10030-1685
165484314,677,Willa,Ferrea,14 Sachtjen Avenue,105-221-4025,10030-1703
166821515,678,Lola,Tathacott,032 Forest Dale Road,154-663-4819,10030-1765
169700029,679,Kris,Munnings,45492 Northridge Avenue,864-879-0458,10030-1856
173665411,680,Charissa,Mottershaw,67933 Division Lane,426-873-9043,10030-1902
173975243,681,Zeb,Blannin,973 Quincy Way,748-878-7127,10030-1968
177108320,682,Aland,Coppens,0856 Manley Court,528-231-5218,10030-2011
178815414,683,Erin,Naris,9 Independence Plaza,169-949-9643,10030-2019
180198938,684,Dela,MacAfee,4 Northview Court,534-505-4273,10030-2042
180229963,685,Lorne,Popplewell,820 Forest Run Drive,716-407-0834,10030-2061
181584824,686,Layney,Gustus,9191 Ryan Lane,607-363-3654,10030-2132
18437788,687,Willie,Wildes,6 Hovde Place,629-241-7180,10030-2174
185087319,688,Binky,Willars,15 Fair Oaks Street,342-535-8337,10030-2177
190881161,689,Jae,Tower,14 Lien Park,985-473-9237,10030-2182
193137628,690,Minna,Renzullo,6 Dawn Trail,865-960-4150,10030-2200
193261261,691,Emmaline,Jennens,324 Thackeray Avenue,940-278-7222,10030-2230
194437156,692,Dunstan,Felgate,8 Weeping Birch Terrace,662-768-4882,10030-2253
200843595,693,De,Rulf,181 Crowley Way,410-930-0471,10030-2255
206125845,694,Nicko,Nann,8055 Sherman Road,879-770-8553,10030-2280
206404336,695,Dani,Glasspool,036 Maywood Place,686-451-1616,10030-2302
207735670,696,Yolande,Ranscome,63 Clarendon Plaza,667-344-1836,10030-2313
20777785,697,Adeline,Milesap,672 Prentice Avenue,699-187-3795,10030-2318
208404387,698,Isak,Burge,11854 Portage Park,318-274-9162,10030-2334
208548497,699,Kirby,Dismore,313 Bellgrove Park,266-849-6265,10030-2353
208789056,700,Charmion,Binnie,1614 Oak Valley Street,277-392-1993,10030-2414
212435580,701,Nikolaus,Ishaki,2051 Upham Avenue,565-338-3488,10030-2456
212655994,702,Shelba,Scandred,10987 Upham Avenue,910-952-8923,10030-2478
215701214,703,Trever,Wholesworth,9 Arrowood Pass,488-920-3147,10030-2558
218688607,704,Dulcinea,Ferris,64 Mcbride Park,597-698-5008,10030-2582
220452566,705,Diane,MacDowall,77 Lindbergh Avenue,874-250-5967,10030-2594
220982338,706,Ethan,Ginley,9327 Beilfuss Lane,752-597-4566,10030-2596
223577803,707,Olva,Perillio,46176 Londonderry Junction,997-443-3402,10030-2607
224573918,708,Bobby,Warrior,540 Waubesa Hill,856-333-6384,10030-2634
226683590,709,Dilly,MacCrosson,0363 Glacier Hill Plaza,236-169-4190,10030-2646
227422514,710,Konrad,Hyslop,9 Talisman Road,444-270-9868,10030-2673
227597990,711,Codi,Spreadbury,34965 Huxley Way,458-174-2705,10030-2711
239375140,712,Archer,Heisman,49 Arkansas Hill,145-490-1064,10030-2755
239433351,713,Brynn,Boner,481 Westridge Way,626-222-3381,10030-2767
240394154,714,Valera,Forsdike,4 Dunning Place,959-727-6767,10030-2856
243922541,715,Sissy,Duffan,39306 Aberg Terrace,681-191-1834,10030-2896
250813206,716,Flory,Finlay,15566 Cody Way,774-397-9931,10030-2920
25168087,717,Miguel,McAllaster,5 Truax Place,989-120-8617,10030-2921
253746559,718,Lissa,Veall,13 Summerview Way,368-555-7751,10030-2926
254534137,719,Murvyn,Glandon,8867 Warner Drive,135-482-1297,10030-2988
255157619,720,Corrina,Verduin,40 Knutson Road,683-213-5294,10030-3043
258593579,721,Denise,Magner,708 Jenna Junction,671-322-8891,10030-3047
260318519,722,Marielle,Fawbert,9 Schiller Junction,654-591-0005,10030-3089
262192331,723,Berty,Wootton,1696 Lighthouse Bay Park,648-119-0752,10030-3112
26382657,724,Jehu,Lorand,584 Londonderry Terrace,577-186-1038,10030-3134
265826929,725,Agatha,Nast,857 Logan Plaza,451-908-0202,10030-3135
268386677,726,Martie,Laraway,650 Myrtle Parkway,424-545-2825,10030-3145
27040574,727,Dolores,Fredson,5 Welch Circle,434-700-8014,10030-3185
270491004,728,Nicky,La Vigne,98781 Autumn Leaf Way,320-192-9473,10030-3186
273414701,729,Phebe,Fumagallo,783 Londonderry Center,183-756-8144,10030-3189
275726536,730,Germaine,Leask,7885 Merrick Park,771-393-5109,10030-3195
277628875,731,Lexi,Sand,44472 6th Circle,180-985-5537,10030-3213
279594819,732,Ania,Bouchard,919 Novick Parkway,487-199-9851,10030-3228
28060948,733,Kenna,Melrose,2 Ilene Park,560-836-8598,10030-3238
281364791,734,Kial,Ransom,1 Coleman Drive,663-235-9879,10030-3247
281504065,735,Viola,Ashall,8639 Milwaukee Court,683-825-2167,10030-3271
284724049,736,Deina,Benterman,1 Artisan Park,404-694-7957,10030-3318
287323681,737,Marcia,Keys,1 Sachs Parkway,860-748-6055,10030-3452
288803352,738,Laurie,ffrench Beytagh,26 Upham Center,716-594-5383,10030-3468
289893604,739,Orelia,Ghion,3 Thierer Point,877-467-2115,10030-3469
296460294,740,Martyn,Bowlas,2 Dryden Terrace,470-641-7750,10030-3496
296464733,741,Hilda,Maciunas,7 Blue Bill Park Center,186-587-9425,10030-3530
298063139,742,Alastair,Boullin,63494 Novick Circle,779-147-4006,10030-3548
298248168,743,Ebonee,Mountney,163 Sycamore Park,304-896-3030,10030-3555
304648644,744,Georgette,Doul,84945 David Alley,456-258-2457,10030-3609
304862716,745,Sherill,Laweles,0874 Saint Paul Circle,149-404-8865,10030-3611
30646706,746,Brant,Verry,8 Autumn Leaf Parkway,454-398-0877,10030-3639
310543842,747,Jerome,Dayley,0 Anthes Trail,115-252-8247,10030-3647
313777466,748,Rosanna,Windibank,92179 Center Plaza,742-791-4152,10030-3670
318403185,749,Leoine,Franklin,0 Reinke Avenue,113-101-6433,10030-3673
320093069,750,Barbe,Domsalla,01 Annamark Drive,946-556-2694,10030-3675
320454607,751,Pearla,Hillaby,4 Blackbird Way,924-505-3311,10030-3715
323187885,752,Marty,Dandy,0102 Holy Cross Street,989-644-3706,10030-3720
324304350,753,Vergil,Brotherheed,81310 Heath Parkway,415-522-6707,10030-3733
326770587,754,Whitney,Loughren,9849 Utah Trail,617-821-4981,10030-3742
328623104,755,Brucie,Atwill,81 Mitchell Center,348-849-7354,10030-3753
329403390,756,Tobe,Reedie,7 Leroy Lane,432-579-0634,10030-3772
332548480,757,Juliane,Hutchinson,98587 Dawn Avenue,564-415-5513,10030-3773
333692920,758,Consolata,Jaze,156 Glacier Hill Terrace,662-415-4318,10030-3783
336497828,759,Phaidra,Matevushev,85101 Acker Junction,830-319-5982,10030-3810
340526768,760,Teodoro,Arnli,1949 Gale Circle,572-832-5088,10030-3813
340644086,761,Kitti,Greenland,14 Corry Trail,356-591-8476,10030-3830
341028304,762,Neddie,Cruwys,445 Daystar Pass,606-537-4368,10030-3882
341125894,763,Janot,Croxley,14337 Lyons Plaza,978-983-9882,10030-3884
341934857,764,Hana,Bomb,50796 Bashford Parkway,829-426-0080,10030-3898
342970457,765,Ingeberg,Summons,4856 Charing Cross Plaza,524-492-7988,10030-3904
344681100,766,Vanda,Lowdiane,952 Florence Street,103-363-0803,10030-3935
346378941,767,Waite,Gabriel,134 Maryland Place,345-577-2189,10030-3940
100951116,768,Silvain,Zorzoni,26005 Haas Park,507-840-4914,10030-3987
10420165,769,Georgy,Lackner,2 Hagan Court,947-651-6204,10030-4006
104383613,770,Caresse,Forten,2496 Ronald Regan Circle,371-777-8805,10030-4030
105035577,771,Dayle,Jandak,9 Anderson Junction,367-420-6423,10030-4050
105340542,772,Heath,Rayer,63749 Grim Pass,240-479-3487,10030-4072
107069132,773,Claus,Van den Bosch,935 Ludington Pass,873-844-3962,10030-4117
107841349,774,Nikolia,Tongs,6954 Almo Court,648-990-2100,10030-4121
110467130,775,Fiona,Tonbye,891 8th Drive,476-341-6581,10030-4145
110777734,776,Jocelyn,Garmans,69 Marquette Court,488-256-8243,10030-4166
111313456,777,Clementius,Meneghelli,50 Jenna Plaza,343-830-2595,10030-4181
113155046,778,Quintilla,Tackell,0 3rd Drive,485-353-7770,10030-4279
114277055,779,Melinde,Egglestone,348 Northridge Way,763-427-8136,10030-4299
118093437,780,Hester,Piddick,941 Hoffman Alley,257-894-0229,10030-4346
118192398,781,Glenine,Harbron,8 Waxwing Junction,296-567-6098,10030-4354
120461714,782,Caleb,O'Sheeryne,0070 Darwin Road,586-779-7555,10030-4378
122242729,783,Levon,Dullingham,0 Kennedy Park,162-552-0018,10030-4386
123744842,784,Rora,Bovey,44 Gulseth Crossing,281-288-2010,10030-4393
124095628,785,Nalani,Stabler,6533 Anzinger Road,260-835-8324,10030-4397
127054179,786,Christoper,Aery,750 Katie Avenue,539-172-4515,10030-4453
128727586,787,Paule,Zanni,70688 Southridge Park,437-696-2065,10030-4522
130397411,788,Iorgos,Boler,8578 Gerald Place,881-594-2306,10030-4551
130678739,789,Janela,Kneel,92 Hudson Street,606-428-0770,10030-4574
131812350,790,Thaddeus,Dutch,44105 Village Green Center,567-530-1769,10030-4580
133358016,791,Rodolfo,Freschini,6283 Sunnyside Hill,661-387-9370,10030-4588
133959517,792,Vanya,Beardsall,79 Corry Hill,132-708-7225,10030-4592
134460304,793,Liuka,McCoveney,63 Bobwhite Avenue,979-621-6589,10030-4617
134949113,794,Ofella,Di Francecshi,727 Westend Circle,848-792-8094,10030-4620
138911784,795,Rosette,Howgill,89 Mitchell Drive,259-686-1254,10030-4647
15598274,796,Austine,Sorton,8 Maywood Trail,605-394-8500,10030-4656
156546806,797,Annadiane,Schreurs,6 Cherokee Circle,478-874-9589,10030-4657
157743948,798,Sherline,Abella,30486 Lakeland Alley,435-641-6849,10030-4689
162221164,799,Karrah,Cawcutt,5048 Delladonna Way,381-693-2665,10030-4697
164334395,800,Melisent,Greenless,60797 Fieldstone Pass,862-136-4737,10030-4708
165050584,801,Cullie,Vearnals,682 Petterle Lane,284-288-1382,10030-4719
166407489,802,Raynard,Sapseed,5 Bonner Drive,376-474-5181,10030-4731
16978551,803,Danya,Buxton,6 Parkside Place,942-608-9648,10030-4757
171994199,804,Vasili,Topper,60521 Old Gate Point,897-846-0497,10030-4768
172574145,805,Lezley,Dollin,88 Corben Point,678-875-7850,10030-4772
174272795,806,Vanda,Winsley,0 Harper Hill,402-365-3973,10030-4868
179330864,807,Clarey,Buffey,3969 Gerald Alley,843-313-6202,10030-4871
181802949,808,Niccolo,Guyver,32 Hallows Avenue,479-136-1603,10030-4887
182436844,809,Farleigh,Wooffinden,942 Hauk Junction,567-841-0976,10030-4891
187621307,810,Lyda,Beels,229 Talmadge Place,453-894-1485,10030-4913
19035184,811,Eva,Scurr,77538 Kropf Lane,372-542-6164,10030-4926
190601252,812,Delilah,Fort,8571 Vahlen Road,561-556-8937,10030-4940
19754265,813,Ike,Burchess,463 Almo Street,870-162-7188,10030-4956
200629983,814,Ailsun,Aldersley,5 Doe Crossing Road,900-102-0979,10030-4967
202655461,815,Sarene,Yea,10526 6th Way,669-908-2856,10030-4999
203600722,816,Kevyn,Pietzke,95 Hintze Drive,758-751-1250,10030-5026
206116896,817,Roseanne,Blackie,507 Sachs Center,841-674-6292,10030-5033
206141327,818,Carly,Keirle,35 Superior Hill,842-242-6107,10030-5088
206509517,819,Brianna,Oxtarby,47113 Green Terrace,369-458-5015,10030-5103
20783808,820,Erick,Cardon,845 Vermont Pass,886-454-5975,10030-5104
210051371,821,Symon,Voysey,1620 Oakridge Street,372-401-7610,10030-5107
212070767,822,Ardyth,Sieve,29627 Buena Vista Hill,990-476-6506,10030-5128
212485963,823,Sharai,Blundell,43126 Hayes Parkway,291-641-9888,10030-5212
213876499,824,Lazar,Chadd,46046 Texas Drive,431-374-2304,10030-5226
214661665,825,Thibaud,Wibberley,825 Waubesa Lane,319-491-0948,10030-5237
216160392,826,Loree,O'Crotty,842 Thackeray Junction,127-948-0900,10030-5264
219098226,827,Jillayne,Gillicuddy,5 Green Ridge Drive,204-643-9971,10030-5326
224271368,828,Grannie,Irlam,9449 Pepper Wood Pass,211-530-0557,10030-5353
22516177,829,Paquito,Livens,3 Esch Street,639-226-8690,10030-5378
226753923,830,Ingelbert,Clemanceau,97 Marcy Hill,938-491-9461,10030-5396
228803480,831,Eran,Parradye,55919 Rusk Alley,765-381-9604,10030-5431
233293210,832,Owen,Falconar,0785 Summer Ridge Lane,849-516-9650,10030-5450
234395947,833,Bobbette,Hendrickson,349 Scofield Road,446-302-6366,10030-5477
235708802,834,Rosalia,Eyckelberg,7 Jenifer Park,694-881-3990,10030-5486
236603804,835,Laurie,Gossipin,6785 Nancy Center,926-801-1849,10030-5491
243658182,836,Elsi,Ducarne,9172 Annamark Lane,612-306-7831,10030-5509
244430940,837,Salomo,Aylmer,3 Dexter Way,913-460-5655,10030-5512
244620529,838,Lacy,Tremathick,869 Alpine Terrace,681-397-2163,10030-5525
246739824,839,Bruis,Doers,4615 Bluejay Crossing,323-460-9284,10030-5544
247145365,840,Simmonds,Gutteridge,6261 Stone Corner Alley,117-801-6176,10030-5553
249055200,841,Fletcher,Keeffe,70450 Coolidge Trail,119-189-9057,10030-5558
257743823,842,Pascal,Manchester,47533 Arkansas Pass,578-558-5882,10030-5562
25901452,843,Nanny,O'Fearguise,84 Mandrake Street,948-879-2334,10030-5580
261261919,844,Gonzalo,Obispo,404 Dorton Center,909-104-8287,10030-5609
264183525,845,Blair,Gass,82086 Loomis Street,367-807-3610,10030-5611
264353747,846,Ardelia,Woonton,61 Tomscot Way,859-544-4393,10030-5631
268403595,847,Lincoln,Winsome,1 Manufacturers Alley,754-733-7695,10030-5634
268649516,848,Tuckie,Barsam,4357 Welch Avenue,507-563-3508,10030-5636
271085095,849,Maighdiln,McPheat,887 Tennyson Way,254-935-3132,10030-5657
271463525,850,Austen,Bellinger,56310 Texas Trail,502-917-5027,10030-5659
275475558,851,Sharron,Videler,162 Logan Center,384-246-3802,10030-5681
275702418,852,Wilbur,Custed,3133 Bluestem Circle,194-247-9416,10030-5687
27946666,853,Hillary,Lazenbury,2493 Meadow Valley Court,991-919-0181,10030-5731
27958194,854,Aurilia,Herion,31 Harper Way,250-841-4316,10030-5797
282117033,855,Berty,Fearfull,1160 Northport Court,629-536-9167,10030-5818
283437191,856,Heda,Whotton,87227 Talisman Park,725-375-5260,10030-5851
284610429,857,Lacee,Wathen,76709 Clove Trail,262-420-1587,10030-5862
284912218,858,Clevey,Pearmine,10671 Mandrake Hill,814-266-7046,10030-5875
286798894,859,Red,Robelin,89 8th Road,914-462-7345,10030-5881
291138205,860,Donovan,Paddefield,32226 Evergreen Pass,779-599-7242,10030-5916
292339848,861,Thurston,Woodfine,5 Buell Street,317-820-6947,10030-5929
296195370,862,Debera,Houseago,13975 Dryden Hill,923-889-9583,10030-5961
302155790,863,Filippo,Henrys,1 Briar Crest Center,394-191-4633,10030-5985
303322659,864,Sibylle,Assiratti,35 Loftsgordon Way,515-982-0982,10030-5995
30341181,865,Sergent,Filippozzi,449 Brickson Park Park,191-245-2150,10030-6015
30484613,866,Anatollo,Renackowna,59 Clove Court,308-705-3170,10030-6030
306521814,867,Car,Scoines,4 Vera Point,535-149-0087,10030-6042
313472241,868,Chanda,Barnsley,46 Prentice Alley,972-875-2665,10030-6051
320366804,869,Gaelan,Haet,0 Cardinal Road,603-810-4151,10030-6068
323422691,870,Shamus,Dumbrall,13994 Fieldstone Avenue,312-555-7287,10030-6082
323544757,871,Aimil,Alaway,17734 Westerfield Hill,235-428-8236,10030-6089
324315852,872,Shirlene,Arnould,6 Pennsylvania Court,949-869-3604,10030-6154
325424311,873,Ilario,Abbot,74810 Susan Place,249-955-9200,10030-6242
327853684,874,Cathi,Rosendorf,2 Farwell Parkway,502-703-2847,10030-6249
335329434,875,Graeme,Kenewell,5299 Mesta Point,303-655-0027,10030-6250
336823621,876,Kendricks,Tonkinson,9683 Dawn Court,411-958-9487,10030-6266
338130637,877,Brenna,Gullberg,1264 Vahlen Junction,392-368-8605,10030-6291
338450431,878,Christos,Creenan,2186 Mockingbird Parkway,156-639-6166,10030-6334
342398505,879,Gerard,Ackery,630 Sycamore Pass,271-815-2914,10030-6341
343856121,880,Delbert,Rodinger,493 Lerdahl Plaza,280-686-4634,10030-6348
346252492,881,Alon,Cotilard,60463 Dayton Place,525-917-1119,10030-6369
100357530,882,Eben,Huffer,56 Bellgrove Way,907-494-4155,10030-6371
101475039,883,Morissa,Schanke,57 Redwing Junction,929-821-2878,10030-6379
103311780,884,Egan,Harrill,88 Nevada Way,516-935-2617,10030-6411
104480966,885,Blondy,Murdy,2179 Muir Road,539-992-9474,10030-6427
105044503,886,Tabbi,Blackmore,5 Monterey Pass,435-561-9627,10030-6454
105709809,887,Zebadiah,Rhymes,9832 Graedel Court,176-255-1868,10030-6493
106020673,888,Constantia,Poge,7218 Kenwood Plaza,137-146-9111,10030-6516
109332660,889,Stan,Plowes,142 Utah Parkway,910-475-7072,10030-6527
112093467,890,Jehu,De Zuani,24 Kenwood Hill,411-636-6407,10030-6583
115091801,891,Dosi,Frangleton,9 Pearson Alley,296-710-0623,10030-6596
117823805,892,Evelin,Dundin,031 Mccormick Avenue,931-210-2272,10030-6605
118989841,893,Zebulon,Pinel,63 Hoepker Place,806-891-5585,10030-6626
12087761,894,Dukey,Cartmell,65 Blaine Court,606-216-8249,10030-6645
124635254,895,Mignon,Allott,48 Browning Court,351-106-3272,10030-6649
125914216,896,Abe,Grzeszczyk,3522 Namekagon Road,999-508-7157,10030-6653
127138329,897,Launce,Blackburn,17981 Superior Junction,474-351-0272,10030-6659
12766278,898,Carie,Nanetti,98 Armistice Center,842-575-1841,10030-6663
129569603,899,Cassie,Woodwind,1872 Carioca Road,620-748-6238,10030-6683
13350907,900,Tripp,McNirlan,109 Rockefeller Road,716-429-0668,10030-6700
134017283,901,Leonhard,Naul,3903 Riverside Street,849-632-6346,10030-6708
137091883,902,Theodore,Besemer,6910 Pierstorff Circle,809-393-0985,10030-6718
13715703,903,Berkie,Domone,084 Reinke Point,635-473-2020,10030-6755
138099762,904,Aubrie,Franciotti,929 David Center,949-849-2627,10030-6758
141247389,905,Rochette,Demko,3 Fallview Trail,477-449-6153,10030-6768
143193318,906,Bowie,Heinz,22 Luster Crossing,575-501-0118,10030-6777
143707670,907,Elane,MacRirie,40216 Dawn Center,602-888-2934,10030-6912
143865061,908,Hiram,Dryburgh,53 Forest Run Avenue,371-708-7672,10030-6950
143944385,909,Gun,Zoppo,73882 Merchant Court,620-265-4712,10030-6975
144308996,910,Chiquita,Boutellier,262 Sheridan Park,445-200-6747,10030-7039
145783531,911,Corrinne,Cage,43367 3rd Trail,264-619-2904,10030-7057
146543483,912,Delinda,Comelli,795 Blue Bill Park Pass,931-897-8324,10030-7076
148330561,913,Thibaud,Ritch,2659 Veith Parkway,269-290-0406,10030-7094
149761949,914,Abbe,Purchon,639 Anhalt Way,406-489-7118,10030-7150
15332975,915,Claybourne,Bendell,387 Amoth Hill,358-879-1961,10030-7153
155155765,916,Mallory,Bradshaw,44820 Westend Plaza,198-124-6329,10030-7158
157571931,917,Joye,Dearness,2317 Dennis Street,456-702-3601,10030-7159
15812010,918,Stefania,Gilston,38525 Vermont Avenue,134-604-8179,10030-7187
158344630,919,Doralynne,Beresford,779 Dayton Hill,348-206-4350,10030-7193
158853649,920,Prudy,Le Estut,85 Vidon Pass,277-713-8176,10030-7197
160870991,921,Kerby,Sarton,154 Warbler Trail,181-322-9944,10030-7264
162051683,922,Jami,Durtnell,0251 Dayton Place,889-446-8068,10030-7274
166770040,923,Brittaney,Fleetham,84290 Dennis Pass,460-392-5497,10030-7280
173110981,924,Upton,Lardeur,822 Quincy Plaza,607-723-6557,10030-7295
174568400,925,Sonnie,Yeatman,4961 Kim Hill,856-592-5927,10030-7305
176531334,926,Ida,Hydes,352 Miller Terrace,294-384-8362,10030-7309
176860124,927,Halsy,Scarisbrick,2 Straubel Pass,466-297-4522,10030-7314
178605743,928,Sibylle,Keepin,0 Basil Parkway,865-647-5732,10030-7342
187441805,929,Norma,Wareham,48362 Arkansas Terrace,460-568-1710,10030-7370
194461463,930,Dacy,Ormshaw,26831 Westport Alley,143-512-3442,10030-7375
200086784,931,Olive,Got,3 Green Center,847-748-5067,10030-7394
203102939,932,Jodie,Sagrott,180 Commercial Park,426-622-2014,10030-7401
206641955,933,Charlotta,Gash,57155 Fuller Park,317-848-7508,10030-7413
208594592,934,Juliette,Hardey,78671 Summer Ridge Drive,947-282-8153,10030-7477
210259160,935,Marnia,Havelin,96 Kings Plaza,790-455-2576,10030-7488
210512658,936,Casandra,Minghi,88 Farwell Park,155-142-5747,10030-7520
211642440,937,Bayard,Skea,9268 Nelson Road,382-868-5128,10030-7526
212394072,938,Libbi,Clilverd,690 Sunnyside Park,806-685-9154,10030-7534
212950910,939,Prudence,Boken,55752 Pawling Alley,604-516-1895,10030-7558
21372486,940,Carmina,Bartleman,553 Scoville Plaza,472-860-7325,10030-7569
214466155,941,Tod,Offa,6288 Summit Avenue,692-621-1792,10030-7571
218785852,942,Danna,Magrane,7 Delaware Point,143-162-6055,10030-7575
221174077,943,Kurt,Jenkyn,0 Stone Corner Drive,398-375-3820,10030-7596
221544007,944,Rollo,Downey,965 Warner Trail,659-815-3196,10030-7597
22240607,945,Bearnard,Bousquet,515 Harbort Street,641-545-2519,10030-7613
225461682,946,Vallie,Houseley,5 Mayfield Center,801-495-8277,10030-7621
228221833,947,Windy,Lednor,2 Red Cloud Way,458-739-3230,10030-7623
228892517,948,Toni,Gouldie,223 Weeping Birch Way,970-795-3039,10030-7631
230234801,949,Cristy,Ritch,036 Marcy Terrace,768-149-8362,10030-7634
231963404,950,Mollee,Kaesmakers,87157 Arizona Lane,363-299-4308,10030-7646
232415816,951,Weidar,Balasini,117 Mockingbird Street,837-312-2062,10030-7652
232722482,952,Sharlene,Maren,01 Lukken Point,716-674-2798,10030-7695
235726048,953,Chauncey,Pinkett,4 Moulton Drive,198-478-0500,10030-7710
236212542,954,Didi,Burrel,04 Manley Place,380-507-7282,10030-7786
24179083,955,Colet,Marchetti,2 Lake View Court,308-892-5893,10030-7800
242824678,956,Perle,Dowsey,85 Crownhardt Park,210-651-0900,10030-7861
243961063,957,Sidnee,Pinshon,188 Russell Street,847-575-9641,10030-7864
245644219,958,Cordy,Lamyman,3859 Lyons Pass,948-106-6788,10130-1241
247822689,959,Reba,Giblin,1 Northwestern Point,382-934-0894,10130-1262
252361113,960,Tedman,Junkinson,304 Gulseth Crossing,736-290-3190,10130-1265
256237293,961,Dianna,Lanchbery,23 Loftsgordon Crossing,267-483-1521,10130-1301
257410714,962,Wally,Gaukrodge,3934 Merrick Street,904-714-4927,10130-1306
257798097,963,Stanley,Rany,501 Maryland Street,248-252-0302,10130-1307
261436149,964,Bernie,Tite,789 Atwood Pass,823-272-7391,10130-1330
263128566,965,Krystal,Linge,78 Brentwood Avenue,226-113-1181,10130-1331
268225347,966,Mose,Greenshields,87431 Longview Crossing,967-466-4639,10130-1333
268629395,967,Ariel,Sadd,769 Blackbird Junction,709-691-0685,10130-1362
272356287,968,Reube,Folliss,2785 Namekagon Court,895-692-8738,10130-1393
273895138,969,Coraline,Sweeny,27440 Monument Alley,137-284-3280,10130-1404
277723304,970,Irvin,Priscott,577 Kipling Parkway,272-981-5326,10130-1405
27850985,971,Cthrine,Hawtrey,3379 Kingsford Court,926-913-5317,10130-1406
280505400,972,Bellanca,Sawdy,45 Carey Terrace,192-456-3053,10130-1439
283652158,973,Gabey,Berre,3905 Kings Center,873-535-9628,10130-1443
285639476,974,Barrett,McCarney,97276 Upham Place,952-872-6073,10130-1448
289868635,975,Archibold,Kornilyev,654 Weeping Birch Center,752-799-2918,10130-1468
290492896,976,Antonetta,Prandin,7379 Parkside Street,886-196-7881,10130-1478
29382029,977,Dione,Littlefair,2683 Shelley Center,571-350-5541,10130-1558
29527824,978,Bendite,Leverage,86022 Wayridge Road,985-505-1043,10130-1563
295507140,979,Violet,Stoate,0992 Ridge Oak Lane,392-305-1490,10130-1582
296165478,980,Kayle,Gecks,821 Sunbrook Center,330-498-5937,10130-1591
297874146,981,Josefa,Dawidman,35052 Starling Avenue,645-128-5286,10130-1605
301623274,982,Dunc,Stoggles,35 Upham Parkway,537-888-1110,10130-1607
304592553,983,Adelaida,Arran,060 Maryland Avenue,639-522-0904,10130-1617
304820635,984,Sela,Rigbye,630 Jackson Parkway,540-803-7729,10130-1633
308730153,985,Marissa,Humpatch,17570 Troy Junction,335-628-3708,10130-1639
309587521,986,Paige,Basilone,83677 Autumn Leaf Point,638-919-2080,10130-1675
311520133,987,Shelba,Tolussi,2491 Glacier Hill Terrace,226-861-3207,10130-1696
314386124,988,Wolfie,Rylstone,7 Emmet Drive,984-163-3833,10130-1704
314714152,989,Sadella,MacPaden,85473 Surrey Place,362-572-7849,10130-1711
320514703,990,Roderick,MacGahy,1 Village Green Park,385-824-3276,10130-1717
324144522,991,Ab,Trustie,0479 Maple Wood Pass,693-296-5344,10130-1722
324318659,992,Conroy,McNess,7527 East Street,770-873-1833,10130-1756
32474499,993,Alan,Weeds,64 Elka Crossing,950-832-1310,10130-1788
325044429,994,Kurt,Gladhill,2 Mallard Drive,750-250-2478,10130-1796
329490059,995,Margaretta,Ambrosoni,654 Morning Lane,851-832-9675,10130-1800
332904050,996,Kara,Noell,3 David Trail,421-190-9010,10130-1825
334759950,997,Ron,Butchers,25 Butterfield Point,244-781-4503,10130-1826
337916954,998,Willem,Caudle,240 Lillian Pass,142-780-8942,10130-1841
340898127,999,Rey,Lidell,7 Chive Alley,965-243-6446,10130-1849
344046844,1000,Thatcher,Finey,3 Hudson Trail,790-761-0364,10130-1851
