1,1,justo,27 Gerald Pass,203-206-9651,10030-7921
2,2,sollicitudin,89113 Holmberg Junction,690-275-2848,10030-7930
3,3,justo,28 2nd Parkway,761-178-9564,10030-7971
4,4,in,9985 Dottie Crossing,137-444-9526,10030-7983
5,5,in,166 Jenifer Lane,715-583-1804,10030-7993
6,6,ipsum,4 Portage Trail,799-848-6854,10030-8041
7,7,id,946 Coolidge Hill,310-544-8375,10030-8048
8,8,ligula,8 Union Alley,765-621-5395,10030-8056
9,9,nisl,74 Sachs Terrace,482-948-7910,10030-8065
10,10,risus,66 Ruskin Crossing,821-157-5723,10030-8066
11,11,nulla,70997 Cherokee Parkway,841-975-1795,10030-8114
12,12,turpis,1859 Mandrake Park,818-956-9140,10030-8124
13,13,sem,49 Bunting Park,415-719-5919,10030-8138
14,14,proin,15942 Graceland Road,561-652-7859,10030-8171
15,15,erat,37 Everett Trail,429-648-2837,10030-8178
16,16,in,09964 Lawn Plaza,190-717-3753,10030-8192
17,17,cursus,20 Clove Crossing,237-441-3545,10030-8199
18,18,at,3 Continental Alley,547-999-2394,10030-8241
19,19,lorem,014 Northridge Park,889-639-1880,10030-8295
20,20,suscipit,59089 Melby Way,852-672-4698,10030-8324
21,21,suscipit,0 Haas Pass,208-936-2927,10030-8350
22,22,maecenas,56064 Bluejay Place,491-743-7643,10030-8385
23,23,eros,908 Mockingbird Circle,120-603-5238,10030-8390
24,24,orci,135 Jackson Circle,605-792-1956,10030-8443
25,25,dignissim,45 Cordelia Park,541-950-6593,10030-8467
26,26,a,79 Pierstorff Plaza,537-486-0974,10030-8469
27,27,nisl,33308 Brickson Park Avenue,302-160-5116,10030-8483
28,28,venenatis,29 Crest Line Parkway,451-145-6568,10030-8499
29,29,lorem,69 Thierer Street,532-555-6217,10030-8504
30,30,congue,271 South Plaza,268-388-3380,10030-8528
31,31,felis,1400 Sunbrook Crossing,794-262-5793,10030-8599
32,32,vestibulum,8 Thierer Terrace,202-370-0932,10030-8605
33,33,quam,1 Pond Park,315-167-0324,10030-8606
34,34,odio,2469 7th Junction,685-902-2059,10030-8614
35,35,adipiscing,57537 Dennis Way,968-850-4907,10030-8620
36,36,odio,29 Westerfield Hill,588-125-1079,10030-8666
37,37,vel,5778 Dawn Road,952-377-4474,10030-8670
38,38,tempor,1 Northland Lane,871-313-8566,10030-8682
39,39,nunc,549 Green Hill,552-264-4912,10030-8693
40,40,sed,0583 Fairview Drive,504-338-8480,10030-8698
41,41,nascetur,99 Bobwhite Avenue,313-776-7152,10030-8726
42,42,fermentum,612 Northview Drive,913-982-8335,10030-8729
43,43,non,17 Waubesa Street,699-219-8745,10030-8742
44,44,maecenas,6867 Pine View Junction,190-798-4950,10030-8744
45,45,mauris,44167 Raven Center,709-735-6704,10030-8758
46,46,ligula,19032 Dovetail Junction,746-956-6011,10030-8780
47,47,justo,3046 Norway Maple Park,906-721-6539,10030-8784
48,48,pede,12883 Tennyson Avenue,597-179-0208,10030-8790
49,49,aliquam,56683 Superior Plaza,207-307-6278,10030-8814
50,50,sapien,96953 Hanson Park,733-586-4166,10030-8827
51,51,donec,8018 2nd Avenue,603-431-1951,10030-8863
52,52,posuere,49 Maywood Street,109-207-7895,10030-8876
53,53,sociis,3754 Cherokee Trail,181-366-4862,10030-8879
54,54,ullamcorper,5 Marcy Street,329-818-7945,10030-8914
55,55,ligula,2635 Annamark Street,689-176-8132,10030-8931
56,56,pede,428 Anniversary Alley,631-305-0439,10030-8965
57,57,ornare,55856 Mockingbird Way,702-612-4354,10030-8982
58,58,purus,3 Spenser Plaza,193-685-5364,10030-8993
59,59,vulputate,0179 Meadow Ridge Drive,589-271-8665,10030-9005
60,60,placerat,7 Stephen Alley,764-875-6403,10030-9009
61,61,nullam,7892 Monterey Place,210-294-8252,10030-9023
62,62,vestibulum,3 Buell Center,262-103-3137,10030-9028
63,63,id,52 Grim Center,413-460-3692,10030-9029
64,64,est,0667 Sullivan Place,878-847-4934,10030-9063
65,65,tincidunt,88 Ridge Oak Park,932-118-4121,10030-9092
66,66,condimentum,091 Lindbergh Lane,990-109-5423,10030-9124
67,67,vitae,9355 Independence Hill,725-557-4445,10030-9157
68,68,diam,9 Schmedeman Hill,918-789-2091,10030-9173
69,69,hac,124 Manitowish Parkway,274-690-2220,10030-9214
70,70,nisi,7 Laurel Trail,847-990-7260,10030-9220
71,71,lectus,1474 Del Sol Drive,403-673-4117,10030-9225
72,72,neque,173 Atwood Hill,577-546-4483,10030-9255
73,73,in,9272 Pankratz Court,833-100-1355,10030-9277
74,74,ut,842 Utah Trail,198-736-3130,10030-9283
75,75,sit,1066 Delaware Street,253-751-1716,10030-9287
76,76,lobortis,9433 Tomscot Parkway,174-927-2062,10030-9305
77,77,integer,5707 Reinke Plaza,689-782-9777,10030-9335
78,78,lectus,4583 Delladonna Plaza,638-906-5871,10030-9336
79,79,sem,758 Comanche Hill,931-174-4060,10030-9378
80,80,massa,62 Mallory Court,713-980-2712,10030-9471
81,81,nulla,70 Menomonie Avenue,133-930-0474,10030-9477
82,82,cras,7439 International Junction,332-900-0793,10030-9500
83,83,phasellus,029 Lillian Parkway,912-970-6026,10030-9522
84,84,morbi,53 Westport Center,422-640-2115,10030-9531
85,85,eget,0 Porter Road,434-204-5707,10030-9544
86,86,ridiculus,06472 Milwaukee Hill,901-998-1569,10030-9554
87,87,maecenas,49249 Ronald Regan Parkway,371-732-8409,10030-9563
88,88,lobortis,9 Blackbird Street,871-305-2841,10030-9607
89,89,pellentesque,88 Arkansas Road,332-897-4429,10030-9640
90,90,mi,27485 Rutledge Terrace,370-898-3543,10030-9650
91,91,odio,801 Eastlawn Street,811-275-5575,10030-9688
92,92,interdum,103 Bonner Crossing,561-532-8696,10030-9761
93,93,integer,36 Valley Edge Avenue,924-110-2177,10030-9769
94,94,in,017 Crescent Oaks Circle,659-595-5213,10030-9779
95,95,rhoncus,66084 Westport Place,249-987-6795,10030-9781
96,96,sed,67680 Center Hill,116-947-9098,10030-9835
97,97,interdum,21603 Onsgard Trail,667-110-4840,10030-9836
98,98,mauris,04 Ludington Terrace,828-857-4609,10030-9851
99,99,pretium,1 Blaine Center,271-282-2041,10030-9868
100,100,pede,2 Jana Lane,782-696-1502,10030-9877
101,101,cras,015 Carioca Way,784-498-8093,10030-9909
102,102,venenatis,8384 Sommers Plaza,842-380-4488,10030-9924
103,103,at,5 Lakewood Gardens Point,332-639-1678,10030-9942
104,104,quis,1 Hoffman Road,334-698-6203,10030-9945
105,105,ultrices,731 Montana Park,734-773-4998,10030-9953
106,106,tincidunt,98344 Glacier Hill Point,649-575-9368,10030-9977
107,107,faucibus,6 Granby Place,929-209-3329,10030-9987
108,108,diam,2 Elgar Terrace,198-128-6651,10030-9992
109,109,ac,79467 Hanson Alley,117-670-3012,10040-0042
110,110,tortor,9 Cambridge Alley,501-429-9003,10040-0078
111,111,ut,96 Lakeland Pass,752-730-4920,10040-0091
112,112,mauris,44 Lighthouse Bay Place,554-649-9669,10040-0123
113,113,proin,79 Hovde Alley,857-801-1117,10040-0134
114,114,bibendum,6 Sherman Circle,450-465-3796,10040-0146
115,115,libero,628 Northport Parkway,346-854-2101,10040-0155
116,116,vulputate,34620 School Plaza,350-826-7575,10040-0183
117,117,lobortis,9 Barby Avenue,181-841-9249,10040-0189
118,118,sagittis,99910 Stone Corner Way,826-140-6731,10040-0195
119,119,tincidunt,69 Hollow Ridge Drive,163-896-4211,10040-0224
120,120,morbi,857 Cordelia Crossing,271-391-5256,10040-0247
121,121,nibh,9537 Lawn Terrace,648-688-2057,10040-0260
122,122,in,0607 Toban Parkway,149-134-1912,10040-0262
123,123,commodo,33 New Castle Hill,864-211-1043,10040-0291
124,124,in,89 Lillian Parkway,528-756-9476,10040-0321
125,125,convallis,3631 American Hill,340-140-9035,10040-0357
126,126,ac,893 Springview Avenue,122-475-6162,10040-0363
127,127,lectus,16 Quincy Drive,381-169-7560,10040-0370
128,128,odio,2638 Pleasure Avenue,615-102-9846,10040-0393
129,129,nam,9267 Hoffman Center,458-565-8711,10040-0414
130,130,justo,879 Vernon Terrace,165-775-8944,10040-0423
131,131,ultrices,2 Westend Center,518-369-7337,10040-0427
132,132,in,87630 Kennedy Drive,299-120-6188,10040-0433
133,133,odio,1949 Algoma Way,876-509-3901,10040-0463
134,134,convallis,879 Emmet Circle,969-496-7634,10040-0490
135,135,in,56815 Goodland Crossing,829-968-0081,10040-0496
136,136,ac,3 Norway Maple Circle,703-269-4969,10040-0504
137,137,metus,5792 Glacier Hill Trail,157-833-4716,10040-0507
138,138,ligula,05 Shopko Plaza,627-436-2176,10040-0525
139,139,etiam,746 Eagan Junction,884-145-8391,10040-0542
140,140,nunc,894 Judy Court,524-367-1899,10040-0544
141,141,pulvinar,2653 Nevada Drive,786-166-3164,10040-0545
142,142,volutpat,1 Butterfield Circle,178-469-4604,10040-0573
143,143,magna,645 Crowley Street,696-100-8541,10040-0617
144,144,est,91 Goodland Way,638-714-7840,10040-0650
145,145,cursus,14 Fuller Alley,619-860-9362,10040-0670
146,146,lectus,0 Colorado Terrace,133-194-1854,10040-0698
147,147,nulla,19250 Bartelt Way,738-409-9668,10040-0778
148,148,sagittis,88751 Sugar Hill,633-138-4522,10040-0811
149,149,feugiat,0516 West Park,124-118-3937,10040-0812
150,150,vulputate,1 Walton Junction,633-848-9834,10040-0826
151,151,sed,99996 Fair Oaks Alley,649-224-5853,10040-0832
152,152,vel,1 Brentwood Circle,883-794-6912,10040-0852
153,153,interdum,63601 Saint Paul Place,715-208-8806,10040-0886
154,154,luctus,445 Mesta Way,284-633-2194,10040-0942
155,155,erat,794 Memorial Hill,964-880-5990,10040-0962
156,156,ipsum,6929 Westridge Plaza,453-361-8990,10040-1008
157,157,nam,3630 Talisman Way,303-652-2220,10040-1013
158,158,vel,458 Mandrake Court,857-713-0369,10040-1025
159,159,non,330 Wayridge Court,700-947-3516,10040-1033
160,160,massa,89 Schurz Plaza,230-276-9750,10040-1036
161,161,sociis,6 Beilfuss Terrace,486-609-0809,10040-1049
162,162,amet,06 Loftsgordon Pass,772-856-0200,10040-1054
163,163,primis,8438 Blue Bill Park Pass,659-287-4490,10040-1104
164,164,duis,9 Sutteridge Crossing,197-902-8731,10040-1117
165,165,sociis,8497 International Pass,383-580-2664,10040-1125
166,166,ut,4 Cordelia Hill,162-547-4744,10040-1126
167,167,at,42010 Leroy Crossing,394-504-0365,10040-1169
168,168,potenti,0960 Messerschmidt Pass,572-870-0373,10040-1217
169,169,accumsan,2 Northport Plaza,345-571-8893,10040-1219
170,170,nulla,6615 Swallow Crossing,885-585-6604,10040-1236
171,171,ac,7810 Randy Street,166-842-7795,10040-1251
172,172,ut,148 Texas Alley,876-521-8039,10040-1293
173,173,eros,442 Colorado Avenue,695-199-6987,10040-1357
174,174,est,15 Mitchell Plaza,199-613-8205,10040-1369
175,175,sit,8358 Sugar Court,543-793-1636,10040-1376
176,176,lectus,612 Hayes Way,376-354-7384,10040-1377
177,177,quisque,280 Corscot Circle,476-704-5785,10040-1397
178,178,duis,7 Lerdahl Crossing,513-290-2713,10040-1416
179,179,nulla,96563 Farragut Street,127-150-6550,10040-1434
180,180,ultrices,44 Moose Street,763-348-7371,10040-1466
181,181,dis,876 Dorton Parkway,582-495-8926,10040-1479
182,182,faucibus,6181 Erie Trail,155-449-6132,10040-1486
183,183,erat,3 Blue Bill Park Hill,318-769-3008,10040-1487
184,184,aliquet,93116 Stoughton Lane,333-564-5590,10040-1499
185,185,ut,6 Merrick Plaza,314-648-0201,10040-1519
186,186,odio,8 Katie Trail,564-126-9868,10040-1548
187,187,pulvinar,17896 Menomonie Court,361-493-0776,10040-1560
188,188,sapien,4 Westridge Point,794-378-2850,10040-1596
189,189,lacus,5 Hauk Lane,976-312-4647,10040-1610
190,190,luctus,359 Lakewood Gardens Lane,624-360-2546,10040-1622
191,191,et,8 Aberg Alley,456-841-7700,10040-1639
192,192,ipsum,79821 Truax Junction,314-683-8009,10040-1664
193,193,in,79 Towne Circle,696-453-2151,10040-1679
194,194,phasellus,6 Memorial Way,546-312-7600,10040-1698
195,195,at,7487 Pepper Wood Junction,985-451-4922,10040-1705
196,196,massa,0470 4th Junction,550-405-9670,10040-1747
197,197,nibh,9284 Florence Court,917-317-6816,10040-1748
198,198,tristique,03305 Maywood Plaza,489-903-4565,10040-1776
199,199,convallis,1 Hazelcrest Street,590-305-6082,10040-1785
200,200,nunc,9 Sutteridge Parkway,260-659-9425,10040-1793
201,201,lobortis,90738 Farwell Street,233-950-4079,10040-1817
202,202,eros,8422 Lunder Junction,168-878-9822,10040-1819
203,203,id,9083 Duke Point,956-337-8596,10040-1825
204,204,metus,9957 Village Green Avenue,728-174-5951,10040-1832
205,205,nisl,6557 Continental Circle,327-292-8281,10040-1839
206,206,egestas,16 Boyd Hill,969-657-1403,10040-1848
207,207,facilisi,802 Melrose Junction,376-121-1690,10040-1864
208,208,elementum,66 Homewood Street,772-332-0484,10040-1881
209,209,proin,87834 Fair Oaks Trail,166-375-0296,10040-1906
210,210,imperdiet,5210 Elgar Circle,112-789-7012,10040-1915
211,211,nunc,1161 West Parkway,510-651-2470,10040-1923
212,212,molestie,89170 Golf Alley,564-583-1081,10040-1932
213,213,diam,2472 Brown Hill,209-991-7984,10040-1935
214,214,interdum,17344 Esker Hill,838-119-0989,10040-1946
215,215,duis,402 Ludington Trail,874-139-6452,10040-1949
216,216,sed,3638 Sycamore Place,321-318-1148,10040-1951
217,217,semper,4205 Mitchell Avenue,366-140-3095,10040-1994
218,218,dictumst,72 Buena Vista Point,757-713-0823,10040-2030
219,219,sagittis,2928 Thackeray Junction,890-729-5386,10040-2034
220,220,est,45524 Orin Road,833-194-3159,10040-2036
221,221,nulla,37812 7th Junction,424-133-0483,10040-2041
222,222,eu,85 8th Trail,151-826-2270,10040-2055
223,223,ultrices,0021 Carey Avenue,277-252-1084,10040-2067
224,224,bibendum,82 Anniversary Park,606-502-6152,10040-2082
225,225,cras,765 Marquette Avenue,493-901-4457,10040-2131
226,226,convallis,9 Oak Valley Park,980-562-3903,10040-2149
227,227,a,763 Stephen Circle,324-280-6003,10040-2151
228,228,ridiculus,161 Pearson Way,980-490-7429,10040-2163
229,229,eget,9 Dorton Terrace,603-901-2144,10040-2182
230,230,convallis,7071 Riverside Drive,932-336-4913,10040-2204
231,231,donec,48 Elka Park,626-983-5564,10040-2209
232,232,in,92 American Ash Street,861-354-7187,10040-2228
233,233,cursus,54 Dapin Place,605-558-1553,10040-2244
234,234,nulla,8306 Farragut Street,335-173-2398,10040-2246
235,235,cursus,5302 Clarendon Avenue,498-904-5780,10040-2293
236,236,sapien,5 Rusk Park,169-629-0221,10040-2296
237,237,habitasse,6838 Fordem Avenue,213-146-1105,10040-2324
238,238,aliquam,5 Granby Trail,159-202-1929,10040-2366
239,239,consequat,2857 Alpine Center,913-718-0941,10040-2374
240,240,tortor,88 La Follette Point,226-224-8585,10040-2390
241,241,donec,46828 Portage Way,273-617-4096,10040-2407
242,242,etiam,36 Portage Pass,168-466-3784,10040-2426
243,243,parturient,657 Summerview Hill,280-479-3895,10040-2440
244,244,phasellus,229 Melby Drive,472-428-0727,10040-2516
245,245,posuere,365 Arkansas Street,793-887-9076,10040-2523
246,246,luctus,3 Swallow Avenue,516-426-5230,10040-2541
247,247,turpis,131 Graedel Point,483-701-9990,10040-2553
248,248,sem,8760 Forest Run Park,668-379-3992,10040-2554
249,249,integer,9746 Clemons Crossing,838-161-3759,10040-2559
250,250,tellus,37 Carioca Hill,157-220-9622,10040-2562
251,251,gravida,0 Hoard Circle,331-296-4784,10040-2587
252,252,morbi,561 Ludington Place,133-266-9335,10040-2641
253,253,blandit,2 Porter Drive,414-627-5923,10040-2651
254,254,interdum,3838 La Follette Trail,160-858-0997,10040-2663
255,255,mi,678 Redwing Pass,844-972-9379,10040-2684
256,256,vestibulum,69407 American Ash Street,317-590-8071,10040-2719
257,257,porta,29461 Anniversary Park,718-317-1385,10040-2727
258,258,nam,6960 Comanche Park,998-545-2108,10040-2753
259,259,ipsum,17508 Dahle Place,593-156-1460,10040-2770
260,260,in,41 Butterfield Avenue,986-634-0505,10040-2850
261,261,hac,017 Randy Avenue,281-381-9661,10040-2860
262,262,ridiculus,4 Dapin Pass,434-494-0892,10040-2885
263,263,vestibulum,0664 Mosinee Street,662-622-0961,10040-2889
264,264,magna,96383 Hermina Trail,742-664-3884,10040-2904
265,265,luctus,5299 Bayside Way,413-990-5025,10040-2917
266,266,odio,16257 Lukken Place,274-426-1669,10040-2925
267,267,sociis,067 Prairie Rose Avenue,370-769-7501,10040-2927
268,268,in,77874 Becker Drive,411-339-7880,10040-2939
269,269,lacus,1 Bay Junction,627-222-3480,10040-2951
270,270,ante,813 Oneill Crossing,865-186-2898,10040-2974
271,271,ut,5197 Sage Hill,557-653-6199,10040-2989
272,272,in,1245 Kim Hill,402-320-1287,10040-2995
273,273,a,0007 Pond Avenue,389-929-4893,10040-3116
274,274,faucibus,0138 Tennessee Way,374-121-7478,10040-3210
275,275,elementum,21 Gina Lane,200-985-0187,10040-3220
276,276,suspendisse,3871 Mayfield Lane,173-227-4780,10040-3275
277,277,nulla,6 Heffernan Point,828-764-4087,10040-3289
278,278,vel,489 Michigan Junction,608-296-1620,10040-3320
279,279,malesuada,01146 Myrtle Street,273-796-3853,10040-3327
280,280,facilisi,95755 Kinsman Place,913-350-7058,10040-3410
281,281,cras,35750 Mesta Plaza,989-186-4388,10040-3412
282,282,aliquam,984 Stang Junction,527-673-6882,10040-3439
283,283,rhoncus,8019 Shelley Alley,820-781-6787,10040-3458
284,284,quis,759 Magdeline Parkway,129-475-9285,10040-3474
285,285,in,4 Mendota Center,924-462-3639,10040-3545
286,286,vel,4 American Ash Parkway,267-965-8042,10040-3546
287,287,quam,52 Chive Parkway,721-643-0193,10040-3552
288,288,in,45 Thompson Way,154-249-4474,10040-3560
289,289,orci,0 Kipling Road,349-414-1518,10040-3564
290,290,felis,947 New Castle Place,257-400-8726,10040-3570
291,291,non,50 Butterfield Way,297-991-7771,10040-3590
292,292,dignissim,06 Thackeray Terrace,169-161-5539,10040-3595
293,293,rutrum,73639 Bonner Terrace,221-147-7352,10040-3602
294,294,eu,1 Charing Cross Court,820-673-5285,10040-3606
295,295,posuere,561 Hagan Circle,533-952-8092,10040-3620
296,296,massa,8309 6th Terrace,158-839-1322,10040-3702
297,297,proin,9570 Westridge Parkway,129-936-9467,10040-3705
298,298,erat,66 Browning Court,288-666-3993,10040-3724
299,299,nunc,72 Doe Crossing Lane,603-784-0230,10040-3812
300,300,duis,210 Carioca Terrace,421-825-0432,10040-3821
301,301,praesent,01027 Glendale Terrace,141-140-6706,10040-3825
302,302,nec,930 Dixon Terrace,569-739-5226,10040-3836
303,303,facilisi,0 Karstens Place,790-621-9312,10040-3839
304,304,lectus,6 Sauthoff Junction,934-577-1868,10040-3843
305,305,at,7220 Portage Alley,563-494-2349,10040-3846
306,306,commodo,940 Graceland Road,200-837-1414,10040-3850
307,307,sit,3009 Forster Parkway,610-779-2422,10040-3851
308,308,lacus,7391 Homewood Plaza,704-531-0358,10040-3874
309,309,mattis,4748 Comanche Center,392-135-4873,10040-3925
310,310,nullam,8 Arapahoe Hill,353-884-6809,10040-3927
311,311,sociis,1931 Longview Crossing,334-358-6763,10040-3941
312,312,orci,85 Miller Court,422-210-9197,10040-3944
313,313,scelerisque,18440 Roth Crossing,306-857-9167,10040-3946
314,314,parturient,626 Bartillon Alley,476-563-0830,10040-3963
315,315,vestibulum,8227 Lerdahl Avenue,294-813-4242,10040-3965
316,316,lacus,1226 Cody Circle,452-942-5377,10040-3966
317,317,interdum,3384 Corry Street,177-924-0685,10040-3972
318,318,sodales,4366 Vernon Pass,936-894-6128,10040-3986
319,319,convallis,426 Grasskamp Drive,498-196-5365,10040-3997
320,320,mi,75 Carioca Trail,656-947-6822,10000-0049
321,321,enim,6 Knutson Terrace,241-504-9185,10000-0051
322,322,iaculis,422 Manufacturers Place,336-315-9616,10000-0100
323,323,in,52 Declaration Junction,554-493-3526,10000-0407
324,324,blandit,27 Oneill Parkway,129-884-4522,10000-0439
325,325,rutrum,93 Hagan Park,557-317-5713,10000-1475
326,326,elit,53717 Fulton Pass,111-948-5011,10000-2241
327,327,non,81 Dakota Junction,694-365-2135,10000-2639
328,328,ipsum,765 Burning Wood Avenue,814-309-7418,10000-2726
329,329,luctus,9915 Thierer Road,767-412-0684,10000-2777
330,330,sit,47626 Kenwood Center,599-136-3325,10000-2814
331,331,ut,02739 Portage Alley,566-730-7512,10000-2832
332,332,rhoncus,27 Red Cloud Place,759-960-8807,10000-3681
333,333,natoque,2 Gulseth Lane,320-206-5950,10000-3685
334,334,aliquam,71 Maple Court,104-175-9399,10000-3867
335,335,donec,008 Buena Vista Plaza,856-647-1597,10000-6008
336,336,nisl,4 Browning Crossing,773-109-5716,10000-6360
337,337,consectetuer,7 Sullivan Hill,289-902-9475,10000-6822
338,338,congue,2 Arapahoe Place,851-373-8078,10000-7019
339,339,eleifend,198 Basil Pass,731-110-4393,10000-7217
340,340,diam,62566 Shelley Hill,186-325-2997,10000-7483
341,341,accumsan,87857 Annamark Trail,834-793-1900,10000-7913
342,342,eget,14593 Kensington Road,913-594-8363,10000-8143
343,343,eros,78739 Algoma Center,367-112-0578,10000-8338
344,344,arcu,69 Union Court,901-421-8416,10000-8520
345,345,quis,26 Hallows Avenue,330-266-0898,10000-8754
346,346,venenatis,12628 Forest Run Place,122-508-3860,10000-9077
347,347,aliquet,949 Southridge Point,559-702-8272,10000-9266
348,348,pede,40 Twin Pines Parkway,262-194-4196,10000-9449
349,349,arcu,28361 Pawling Road,996-572-1969,10000-9569
350,350,sed,591 Mesta Pass,263-401-2719,10000-9616
351,351,vitae,37 Marcy Junction,384-154-3387,10000-9937
352,352,risus,3178 Oxford Junction,464-929-2814,10010-0010
353,353,est,710 Merrick Street,931-900-1227,10010-0079
354,354,vel,450 Stephen Parkway,234-272-1080,10010-0260
355,355,dui,62745 Sundown Street,976-306-4219,10010-0484
356,356,adipiscing,87174 Bluestem Road,797-816-9824,10010-0744
357,357,placerat,9 Hintze Alley,128-647-9568,10010-2880
358,358,dui,8670 Nelson Avenue,624-553-1968,10010-3196
359,359,montes,329 Clove Road,317-445-5052,10010-3345
360,360,fusce,74494 Ridgeview Parkway,646-133-0556,10010-4861
361,361,aliquam,4747 Florence Road,114-306-0940,10010-5013
362,362,condimentum,1166 Raven Road,724-213-8557,10010-5195
363,363,pellentesque,46 Miller Trail,986-904-8926,10010-5210
364,364,pharetra,3 Scott Place,285-318-2146,10010-5288
365,365,bibendum,238 Anhalt Circle,127-326-5734,10010-5388
366,366,diam,879 Petterle Way,906-553-8720,10010-5417
367,367,vitae,6 Ridge Oak Avenue,817-622-4371,10010-5742
368,368,venenatis,95 Florence Center,326-880-9212,10010-5948
369,369,vestibulum,2 Prairie Rose Center,446-878-9508,10010-6067
370,370,porttitor,8 Judy Court,607-901-8050,10010-6144
371,371,luctus,61518 Fuller Drive,932-592-1598,10010-6387
372,372,non,50 Express Road,303-151-5457,10010-6628
373,373,egestas,31834 Holy Cross Center,987-853-2144,10010-6888
374,374,proin,75 Forest Dale Trail,908-760-8008,10010-7455
375,375,pede,64285 Sachtjen Center,310-668-4473,10010-7758
376,376,facilisi,24 Oak Point,218-341-4114,10010-7769
377,377,quis,35 Monterey Road,608-464-5858,10010-8010
378,378,semper,55869 Service Lane,509-116-1397,10010-8507
379,379,quam,76 Barnett Trail,347-452-2565,10010-8947
380,380,semper,1 Weeping Birch Circle,315-560-9551,10010-8965
381,381,phasellus,58956 La Follette Court,252-698-2590,10010-9247
382,382,amet,93 Clove Trail,159-335-3177,10010-9321
383,383,erat,19 Caliangt Circle,982-367-7176,10010-9370
384,384,luctus,4037 Heath Way,484-341-7222,10010-9800
385,385,ipsum,3 Mosinee Way,701-865-7986,10010-9861
386,386,vulputate,47 Banding Trail,222-557-7275,10020-0032
387,387,non,716 Mallard Pass,280-935-7174,10020-0238
388,388,iaculis,2396 Valley Edge Trail,866-631-3391,10020-0357
389,389,mauris,369 Sage Place,307-505-6218,10020-0594
390,390,ultrices,232 Jay Point,499-605-9820,10020-0681
391,391,erat,73975 Shoshone Parkway,208-680-7749,10020-0740
392,392,molestie,0719 Russell Pass,482-125-5940,10020-0813
393,393,luctus,184 Debra Park,223-608-4640,10020-0887
394,394,cursus,4 Browning Hill,994-958-4959,10020-0945
395,395,diam,424 Bashford Crossing,958-636-3798,10020-0996
396,396,adipiscing,0523 Johnson Lane,854-499-1737,10020-1058
397,397,lorem,0451 Haas Hill,343-733-5586,10020-1319
398,398,metus,40 Southridge Point,832-199-1063,10020-1367
399,399,aliquam,90283 Heath Circle,557-798-6107,10020-1474
400,400,in,265 Lakewood Gardens Trail,965-937-5911,10020-1625
401,401,auctor,1 Ronald Regan Plaza,806-123-9972,10020-1693
402,402,donec,060 Hanson Lane,654-398-9154,10020-1766
403,403,nec,8 Crest Line Crossing,888-915-0597,10020-1855
404,404,volutpat,5 Esker Park,108-948-9877,10020-2048
405,405,lobortis,03849 Cottonwood Street,773-381-0983,10020-2139
406,406,dui,00 Grim Pass,283-738-8103,10020-2142
407,407,faucibus,16021 Bellgrove Avenue,592-997-3299,10020-2165
408,408,commodo,9120 Anthes Drive,770-310-7604,10020-2192
409,409,morbi,66 Artisan Circle,658-460-9104,10020-2244
410,410,quam,87544 Darwin Terrace,589-508-4172,10020-2414
411,411,curabitur,4 Bunker Hill Road,815-486-4215,10020-2420
412,412,natoque,918 Magdeline Drive,475-711-5999,10020-2423
413,413,nisl,5352 Hanson Hill,975-701-5629,10020-2585
414,414,blandit,52477 Iowa Trail,311-257-0326,10020-2590
415,415,tincidunt,2394 Hollow Ridge Park,552-909-9470,10020-2620
416,416,dapibus,259 Homewood Junction,211-286-3735,10020-2624
417,417,vestibulum,7 Fisk Terrace,456-458-3966,10020-2697
418,418,nonummy,432 1st Lane,440-733-2745,10020-2729
419,419,eleifend,0 Gale Alley,538-708-4630,10020-2759
420,420,placerat,3381 Schlimgen Parkway,302-788-8769,10020-2793
421,421,magnis,908 Bunting Terrace,127-314-1692,10020-2820
422,422,duis,616 Judy Trail,226-743-4951,10020-2899
423,423,id,72 Hintze Place,623-534-0438,10020-3213
424,424,ante,281 Carioca Road,599-448-8906,10020-3222
425,425,condimentum,8 Browning Street,967-543-3433,10020-3265
426,426,mauris,8 Fulton Park,915-402-6883,10020-3336
427,427,at,2 Gerald Pass,963-952-4226,10020-3546
428,428,sit,7766 Helena Junction,825-541-6291,10020-3574
429,429,magna,74 Dorton Park,277-409-8073,10020-3692
430,430,in,216 Miller Point,801-303-5803,10020-3694
431,431,dui,862 Springs Pass,948-529-7309,10020-3706
432,432,maecenas,637 Schurz Center,314-904-2063,10020-3743
433,433,venenatis,1330 Norway Maple Court,283-209-2476,10020-3754
434,434,volutpat,33 Crest Line Way,967-299-7101,10020-3779
435,435,urna,8 Village Green Drive,849-596-5115,10020-3832
436,436,dolor,9129 Ludington Point,443-961-7094,10020-4054
437,437,congue,02494 Donald Point,306-550-4859,10020-4089
438,438,amet,2082 Hallows Alley,810-987-7032,10020-4097
439,439,ac,3 Charing Cross Drive,612-660-7810,10020-4135
440,440,volutpat,65989 Sugar Trail,403-820-6466,10020-4235
441,441,metus,7 Blue Bill Park Point,551-977-9505,10020-4298
442,442,quis,7 Kings Lane,283-315-3033,10020-4369
443,443,libero,1 Talmadge Trail,623-821-3879,10020-4431
444,444,mauris,26 Bluestem Place,621-536-5172,10020-4453
445,445,volutpat,1 Trailsway Park,495-377-9272,10020-4481
446,446,sed,5 Prairieview Pass,882-718-3538,10020-4543
447,447,bibendum,42752 Oak Pass,247-925-9341,10020-4629
448,448,posuere,5489 Warbler Alley,186-446-7001,10020-4657
449,449,congue,708 Lakewood Center,719-113-9791,10020-4676
450,450,donec,41 Dunning Lane,883-170-7481,10020-4731
451,451,dapibus,51 Stone Corner Trail,773-957-3180,10020-4760
452,452,mi,484 Laurel Crossing,675-604-8168,10020-4777
453,453,placerat,59 Summit Parkway,192-743-8319,10020-4890
454,454,posuere,1080 Fisk Parkway,624-127-4885,10020-4951
455,455,non,00 Blackbird Road,968-239-0021,10020-5057
456,456,molestie,95952 Reindahl Avenue,535-119-8967,10020-5066
457,457,aliquam,03053 Hermina Drive,468-213-9403,10020-5090
458,458,ante,5749 Heffernan Circle,978-229-6060,10020-5108
459,459,quam,3 Twin Pines Court,935-196-7318,10020-5191
460,460,at,0 Shelley Terrace,804-127-0001,10020-5198
461,461,rutrum,08631 Nova Drive,252-976-6625,10020-5237
462,462,amet,73651 Grasskamp Circle,175-150-7069,10020-5249
463,463,diam,6225 Johnson Parkway,130-928-0039,10020-5397
464,464,tellus,95 Artisan Plaza,572-432-2287,10020-5439
465,465,at,0541 Esch Crossing,399-279-8797,10020-5478
466,466,eu,442 Bay Hill,514-568-9168,10020-5481
467,467,dui,38 Randy Avenue,417-360-8332,10020-5510
468,468,condimentum,3795 Tennyson Drive,112-856-5768,10020-5524
469,469,semper,3179 Luster Court,330-378-6571,10020-5540
470,470,condimentum,16 Annamark Trail,570-811-2755,10020-5546
471,471,vulputate,06 Jana Lane,810-265-0606,10020-5648
472,472,mi,8 Pearson Hill,908-841-5945,10020-5745
473,473,ante,49 Randy Street,171-724-8579,10020-5784
474,474,sapien,6867 Arizona Avenue,566-814-7155,10020-5797
475,475,at,663 Elmside Park,478-670-0630,10020-5799
476,476,nam,6678 Wayridge Terrace,187-429-7686,10020-5804
477,477,in,69 Marquette Park,369-583-9238,10020-5914
478,478,scelerisque,690 Pond Avenue,472-616-9193,10020-5916
479,479,viverra,5 Corscot Lane,764-989-9053,10020-6027
480,480,consequat,31323 Commercial Center,340-208-0635,10020-6126
481,481,nulla,2262 Sutteridge Plaza,442-613-2931,10020-6191
482,482,donec,459 Forest Court,215-586-1510,10020-6209
483,483,tincidunt,346 Mesta Drive,535-410-6422,10020-6243
484,484,sit,86 Oxford Avenue,656-798-2349,10020-6255
485,485,euismod,3299 Village Road,442-709-1501,10020-6269
486,486,integer,01 Dixon Point,317-796-8727,10020-6271
487,487,justo,0002 Harbort Street,590-296-8778,10020-6334
488,488,augue,5 Riverside Park,598-336-1215,10020-6487
489,489,dignissim,47878 Tennyson Crossing,952-198-7772,10020-6498
490,490,proin,38155 Gulseth Road,156-354-7172,10020-6509
491,491,in,8943 Sommers Pass,400-115-8027,10020-6630
492,492,sed,1 Caliangt Place,626-148-9541,10020-6651
493,493,in,435 Jana Junction,732-847-4378,10020-6765
494,494,ut,7 Thompson Hill,753-251-8324,10020-6767
495,495,leo,5 Onsgard Circle,313-244-3168,10020-6775
496,496,montes,06117 Kipling Crossing,375-429-0957,10020-6797
497,497,lobortis,1 Granby Center,954-742-3869,10020-6804
498,498,quis,562 Spenser Pass,447-813-0029,10020-6855
499,499,amet,5 Green Ridge Road,795-879-6061,10020-6864
500,500,etiam,13 Waywood Street,927-705-8700,10020-6876
501,501,vulputate,38 Forest Run Court,990-472-2143,10020-6879
502,502,tincidunt,2559 Knutson Hill,850-727-1622,10020-6896
503,503,sit,4020 Mayfield Circle,104-426-6601,10020-6901
504,504,ante,16794 Del Mar Road,570-493-8534,10020-6950
505,505,ligula,24 Mcbride Court,981-618-0369,10020-7013
506,506,mi,4 Fallview Crossing,214-994-7038,10020-7068
507,507,at,0 Loeprich Trail,816-946-8271,10020-7070
508,508,at,6762 Pankratz Pass,646-698-0002,10020-7221
509,509,in,902 Dovetail Place,910-276-9050,10020-7226
510,510,cursus,6699 Roxbury Avenue,283-476-5939,10020-7325
511,511,ipsum,6 Sachs Crossing,896-274-0495,10020-7327
512,512,sed,442 Ridgeway Court,149-143-6344,10020-7391
513,513,sociis,1728 Summer Ridge Park,793-726-7597,10020-7421
514,514,libero,86629 Lakeland Parkway,730-243-2932,10020-7470
515,515,fringilla,7811 La Follette Court,213-456-0071,10020-7473
516,516,eget,8 Cardinal Avenue,636-852-9187,10020-7488
517,517,duis,2324 Sommers Point,225-449-0375,10020-7515
518,518,ipsum,7378 Towne Junction,157-464-2864,10020-7517
519,519,tempus,10 Donald Drive,497-602-8524,10020-7545
520,520,parturient,84992 Mariners Cove Hill,421-740-8458,10020-7564
521,521,feugiat,242 Caliangt Street,918-312-6787,10020-7580
522,522,nunc,09 Michigan Hill,605-439-4025,10020-7682
523,523,id,8 Springs Street,545-364-5858,10020-7734
524,524,posuere,7185 Division Terrace,541-289-9312,10020-7739
525,525,turpis,40951 Rockefeller Lane,197-886-3610,10020-7770
526,526,dolor,778 Kim Trail,755-753-3528,10020-7782
527,527,donec,7 Paget Alley,897-353-2601,10020-7807
528,528,vehicula,310 Almo Way,278-278-0090,10020-7831
529,529,aenean,21706 Graedel Junction,625-805-2922,10020-7917
530,530,nisl,6 4th Road,282-751-7933,10020-8000
531,531,posuere,102 Carey Drive,853-668-5166,10020-8029
532,532,lorem,919 Birchwood Place,450-590-8627,10020-8072
533,533,tincidunt,75787 Roxbury Drive,889-844-8526,10020-8113
534,534,non,76 Oneill Point,470-134-1805,10020-8138
535,535,aliquam,8 Westridge Terrace,498-486-7946,10020-8139
536,536,maecenas,875 Kinsman Park,415-667-3676,10020-8264
537,537,eget,63 Spaight Hill,680-182-4797,10020-8292
538,538,non,156 Utah Park,291-895-7105,10020-8300
539,539,rutrum,360 Myrtle Avenue,957-325-5699,10020-8329
540,540,sem,065 3rd Hill,269-818-4264,10020-8350
541,541,est,032 Namekagon Point,728-531-9855,10020-8480
542,542,hendrerit,06125 Calypso Parkway,322-693-3999,10020-8486
543,543,tempor,84 Holy Cross Trail,439-265-2131,10020-8512
544,544,eu,395 Northridge Parkway,764-125-2292,10020-8537
545,545,consectetuer,16667 Nelson Plaza,520-524-4163,10020-8640
546,546,ante,8492 Independence Pass,423-243-0624,10020-8647
547,547,consequat,80 Larry Pass,191-404-2746,10020-8803
548,548,augue,10157 Fairview Pass,131-192-1861,10020-8819
549,549,vel,53 Debra Circle,629-453-1378,10020-8882
550,550,et,91 Killdeer Circle,447-505-1715,10020-8889
551,551,blandit,0 Clove Alley,517-815-8766,10020-8905
552,552,vestibulum,3993 Clove Terrace,971-912-9826,10020-8906
553,553,sit,7 Knutson Avenue,430-420-0057,10020-8972
554,554,amet,20871 Rockefeller Court,421-518-7295,10020-8994
555,555,adipiscing,5962 Sunbrook Crossing,185-601-7532,10020-9003
556,556,quam,66211 Raven Way,700-531-7810,10020-9005
557,557,maecenas,5275 Toban Way,445-591-2810,10020-9048
558,558,dapibus,7 Columbus Drive,206-751-1126,10020-9066
559,559,vestibulum,89 Hoffman Court,950-361-5931,10020-9074
560,560,duis,47 Bay Circle,949-930-3051,10020-9089
561,561,nonummy,88744 Merry Point,779-666-1482,10020-9094
562,562,leo,932 Texas Terrace,914-880-0095,10020-9101
563,563,primis,13883 Huxley Junction,559-737-1302,10020-9104
564,564,nullam,33387 Dawn Trail,902-193-6221,10020-9167
565,565,eu,67 Norway Maple Avenue,238-173-5229,10020-9207
566,566,semper,171 Dakota Alley,369-489-0769,10020-9225
567,567,duis,219 3rd Road,906-954-4245,10020-9261
568,568,vulputate,14 Glacier Hill Circle,739-981-5410,10020-9285
569,569,donec,4 Oakridge Park,879-727-4865,10020-9303
570,570,lacus,75811 Carberry Parkway,542-290-4454,10020-9330
571,571,potenti,4 Laurel Alley,238-298-5562,10020-9376
572,572,nisl,4182 Pleasure Crossing,982-846-4884,10020-9384
573,573,pretium,0 Ilene Plaza,278-598-5825,10020-9401
574,574,consequat,67 Ludington Way,588-429-6640,10020-9408
575,575,semper,8 Portage Pass,918-331-7123,10020-9463
576,576,mauris,93737 Hayes Parkway,103-619-1030,10020-9465
577,577,aliquam,5 Mayer Lane,444-547-3934,10020-9549
578,578,porttitor,8 Commercial Avenue,447-896-7093,10020-9582
579,579,consequat,94 Veith Plaza,112-779-0740,10020-9613
580,580,praesent,403 Cordelia Junction,727-809-7490,10020-9678
581,581,vivamus,2540 Morningstar Park,828-492-2026,10020-9697
582,582,justo,3 Fairview Parkway,792-925-3136,10020-9715
583,583,non,52747 Scoville Avenue,206-240-3323,10020-9720
584,584,vel,52 North Terrace,634-268-0473,10020-9721
585,585,nisi,5209 Farwell Park,543-568-4018,10020-9723
586,586,in,03 Ridgeway Center,204-277-5361,10020-9727
587,587,nec,7 Reinke Circle,256-351-6993,10020-9740
588,588,consequat,002 Packers Place,307-397-8936,10020-9741
589,589,libero,85 Northfield Crossing,208-232-0610,10020-9780
590,590,penatibus,6735 Longview Street,-897-0562,10020-9800
591,591,vestibulum,2533 Jenna Lane,922-320-3802,10020-9846
592,592,at,1 Gateway Crossing,318-488-8440,10020-9997
593,593,eget,0 Canary Parkway,682-956-1931,10030-0011
594,594,tempus,51 Summit Street,428-173-8995,10030-0091
595,595,sapien,5 Anniversary Lane,161-679-0224,10030-0098
596,596,nisl,430 Almo Place,989-727-9889,10030-0102
597,597,dis,50670 Shelley Hill,907-814-1714,10030-0109
598,598,sapien,409 Merrick Parkway,575-469-0109,10030-0120
599,599,fermentum,660 Blue Bill Park Terrace,161-580-6846,10030-0121
600,600,lobortis,99 Green Avenue,703-720-2479,10030-0147
601,601,vestibulum,3646 Village Trail,625-441-2163,10030-0170
602,602,nulla,0 Eggendart Street,835-696-9428,10030-0197
603,603,nulla,2709 Sloan Point,219-363-3329,10030-0198
604,604,massa,1513 Anderson Circle,454-154-0740,10030-0231
605,605,sapien,8174 Northland Plaza,599-495-2293,10030-0245
606,606,tortor,86274 Loeprich Avenue,465-666-9870,10030-0246
607,607,amet,41219 Shoshone Pass,809-559-8594,10030-0277
608,608,posuere,92 Valley Edge Road,440-843-1441,10030-0298
609,609,sem,2885 Annamark Road,157-337-0187,10030-0333
610,610,quam,2 Utah Parkway,754-530-9369,10030-0358
611,611,volutpat,78140 Barby Avenue,127-876-7784,10030-0386
612,612,sit,2200 Blue Bill Park Trail,337-193-6818,10030-0390
613,613,diam,1 Dawn Hill,569-292-5818,10030-0398
614,614,quam,64567 Moulton Crossing,190-956-7487,10030-0401
615,615,sapien,0 Fallview Plaza,247-770-4893,10030-0418
616,616,magnis,64 Vermont Pass,600-666-0290,10030-0484
617,617,dolor,22606 Sage Road,232-954-0051,10030-0538
618,618,nunc,2 Golf Course Circle,787-475-5735,10030-0553
619,619,vivamus,17805 Heffernan Trail,906-247-3722,10030-0560
620,620,tincidunt,828 Mesta Point,368-712-0082,10030-0609
621,621,potenti,85 Tomscot Street,702-917-4386,10030-0636
622,622,ut,85 Hooker Place,364-308-9658,10030-0644
623,623,cras,8386 Kingsford Lane,875-515-6025,10030-0649
624,624,vel,4 Sundown Drive,661-471-8494,10030-0650
625,625,semper,39 Sachs Junction,949-215-2134,10030-0741
626,626,ultrices,3 Dexter Road,824-668-6841,10030-0746
627,627,rutrum,209 Judy Park,500-527-8782,10030-0749
628,628,mi,6 Vermont Crossing,525-465-8952,10030-0777
629,629,nunc,141 Ronald Regan Lane,901-730-5841,10030-0810
630,630,enim,5175 Oriole Alley,316-205-3122,10030-0867
631,631,turpis,2 Emmet Hill,874-749-7040,10030-0889
632,632,luctus,9 Londonderry Terrace,857-119-1513,10030-0925
633,633,id,2 Tennyson Terrace,514-419-2516,10030-0934
634,634,morbi,63 Prairie Rose Center,441-125-1379,10030-0958
635,635,metus,4 Gateway Way,816-625-5858,10030-0963
636,636,nulla,6695 Corben Alley,852-546-9481,10030-0971
637,637,gravida,436 Roth Junction,240-648-2631,10030-0978
638,638,nullam,616 Northview Pass,104-230-3529,10030-0999
639,639,eget,18776 4th Center,434-397-1879,10030-1078
640,640,vestibulum,178 Tennessee Crossing,249-721-6096,10030-1104
641,641,habitasse,6 Emmet Avenue,460-565-7476,10030-1115
642,642,ligula,6 Nevada Court,136-546-9322,10030-1155
643,643,praesent,572 Walton Hill,701-220-0844,10030-1165
644,644,habitasse,896 Hollow Ridge Place,740-626-9795,10030-1175
645,645,ac,58 Dunning Terrace,117-375-7485,10030-1210
646,646,nisl,84 Goodland Street,737-455-3365,10030-1236
647,647,quis,749 Tomscot Court,103-628-2156,10030-1252
648,648,rutrum,8 Dayton Road,573-532-8982,10030-1253
649,649,at,3136 Anzinger Road,698-896-5537,10030-1254
650,650,suscipit,3777 La Follette Hill,904-876-5168,10030-1262
651,651,non,33 Elmside Court,505-289-0038,10030-1267
652,652,habitasse,9198 Birchwood Way,223-246-8024,10030-1292
653,653,bibendum,09 Crest Line Street,601-654-6585,10030-1297
654,654,ac,6745 Oak Valley Pass,954-272-8677,10030-1302
655,655,ut,04478 Service Terrace,917-939-5422,10030-1327
656,656,porttitor,0345 Mosinee Point,609-512-8945,10030-1341
657,657,aenean,35082 Eagan Drive,452-932-4805,10030-1344
658,658,neque,893 Bayside Point,226-672-9902,10030-1349
659,659,augue,658 Northfield Parkway,707-440-9124,10030-1433
660,660,ipsum,577 Little Fleur Junction,707-854-2537,10030-1460
661,661,vulputate,33 Waxwing Place,695-244-2492,10030-1471
662,662,ut,394 Fairfield Crossing,141-313-5311,10030-1473
663,663,massa,3 Banding Alley,295-319-1196,10030-1486
664,664,non,86 Fallview Place,318-804-1328,10030-1487
665,665,non,3 Hermina Plaza,204-256-7734,10030-1505
666,666,eget,2 Mccormick Way,639-370-7046,10030-1528
667,667,in,0 Barnett Lane,937-613-2101,10030-1544
668,668,posuere,04 Service Place,183-564-8054,10030-1557
669,669,volutpat,4 Glacier Hill Court,790-789-2739,10030-1576
670,670,ac,4 Karstens Pass,891-989-3280,10030-1582
671,671,curae,43 Merry Trail,484-404-9499,10030-1597
672,672,purus,0681 Spaight Way,814-554-3303,10030-1618
673,673,habitasse,68 American Ash Lane,976-499-5439,10030-1649
674,674,aliquam,547 Farragut Circle,912-797-1069,10030-1651
675,675,sit,7 Merrick Pass,984-933-9778,10030-1671
676,676,justo,61973 Maywood Avenue,691-251-8589,10030-1685
677,677,lectus,2408 Service Road,647-809-4265,10030-1703
678,678,habitasse,820 David Crossing,142-271-4050,10030-1765
679,679,vestibulum,0 Sage Alley,305-182-3197,10030-1856
680,680,vel,761 Declaration Hill,992-965-9553,10030-1902
681,681,odio,76749 Ronald Regan Court,722-644-3858,10030-1968
682,682,proin,3 Forest Run Place,453-280-6742,10030-2011
683,683,purus,836 Melvin Center,481-236-6252,10030-2019
684,684,dapibus,42177 Prairieview Drive,579-619-9754,10030-2042
685,685,a,503 Birchwood Parkway,255-208-8443,10030-2061
686,686,morbi,87 Kennedy Trail,857-719-3718,10030-2132
687,687,a,389 Granby Place,612-281-1441,10030-2174
688,688,eget,86079 Cottonwood Place,435-858-7328,10030-2177
689,689,pharetra,47 Dovetail Hill,956-654-6467,10030-2182
690,690,mattis,837 Lukken Park,407-275-9018,10030-2200
691,691,erat,8736 Kim Pass,602-560-0850,10030-2230
692,692,nibh,0 Twin Pines Street,881-275-6328,10030-2253
693,693,quis,0 Eastlawn Crossing,596-568-1399,10030-2255
694,694,fringilla,83642 Homewood Avenue,660-918-9235,10030-2280
695,695,nec,7216 Monument Plaza,654-590-8482,10030-2302
696,696,mauris,31 La Follette Terrace,736-431-1245,10030-2313
697,697,tortor,7 Vernon Terrace,144-134-0031,10030-2318
698,698,erat,5158 Merrick Plaza,784-331-9710,10030-2334
699,699,sed,042 Artisan Junction,195-729-9285,10030-2353
700,700,diam,63647 Talmadge Pass,719-114-8829,10030-2414
701,701,pellentesque,93488 Mosinee Drive,500-328-3053,10030-2456
702,702,ut,078 Paget Road,240-590-2744,10030-2478
703,703,ante,16969 Porter Drive,974-746-7844,10030-2558
704,704,quam,2 Canary Crossing,230-489-4586,10030-2582
705,705,platea,61 Northridge Lane,952-249-7277,10030-2594
706,706,nullam,7569 Lighthouse Bay Crossing,796-277-3950,10030-2596
707,707,dictumst,83 Tomscot Junction,355-253-7945,10030-2607
708,708,tincidunt,200 Farwell Way,800-896-0503,10030-2634
709,709,interdum,5573 Trailsway Circle,142-249-8456,10030-2646
710,710,aenean,1 Chinook Street,115-202-4540,10030-2673
711,711,leo,6769 Lyons Avenue,497-386-2675,10030-2711
712,712,tincidunt,0 Loomis Junction,985-612-0166,10030-2755
713,713,ut,378 Chinook Point,126-891-7210,10030-2767
714,714,a,735 Comanche Street,290-170-6281,10030-2856
715,715,eu,9023 Roth Avenue,421-799-8861,10030-2896
716,716,morbi,65 John Wall Court,211-212-8707,10030-2920
717,717,sem,969 Longview Center,431-594-2347,10030-2921
718,718,sollicitudin,71562 Rutledge Way,521-491-4255,10030-2926
719,719,cubilia,07 Steensland Avenue,674-904-0957,10030-2988
720,720,id,836 Lotheville Court,892-327-5575,10030-3043
721,721,ipsum,01 Lake View Road,458-146-8623,10030-3047
722,722,quisque,46057 Bonner Circle,698-678-5096,10030-3089
723,723,in,2 Hooker Point,820-196-3102,10030-3112
724,724,erat,1 Ramsey Trail,928-877-2385,10030-3134
725,725,ante,685 Darwin Terrace,507-422-2880,10030-3135
726,726,odio,480 Rieder Avenue,693-141-6765,10030-3145
727,727,faucibus,66685 Dahle Park,376-394-5656,10030-3185
728,728,placerat,9511 Mosinee Place,758-327-9424,10030-3186
729,729,porttitor,8038 Tennyson Avenue,456-711-2645,10030-3189
730,730,praesent,21045 Drewry Park,185-523-1148,10030-3195
731,731,cras,5 Londonderry Terrace,854-447-6965,10030-3213
732,732,morbi,63 Paget Hill,766-108-0906,10030-3228
733,733,fusce,08 Trailsway Circle,706-864-3995,10030-3238
734,734,gravida,10 Bultman Street,364-204-0350,10030-3247
735,735,at,4618 Bashford Court,748-949-2712,10030-3271
736,736,rhoncus,9 Hermina Drive,270-212-2122,10030-3318
737,737,lorem,329 Thierer Street,704-613-9789,10030-3452
738,738,interdum,32 Chinook Street,606-612-1395,10030-3468
739,739,suscipit,5 Sundown Center,831-935-2849,10030-3469
740,740,orci,39 Starling Circle,475-391-1577,10030-3496
741,741,et,7 Melrose Plaza,448-499-4218,10030-3530
742,742,viverra,27 Farwell Avenue,656-194-1379,10030-3548
743,743,pretium,30951 Starling Circle,740-640-1939,10030-3555
744,744,non,13367 Arapahoe Park,642-128-5464,10030-3609
745,745,duis,19 3rd Court,402-874-2537,10030-3611
746,746,eu,64 Dixon Place,970-582-7727,10030-3639
747,747,mattis,697 Summit Hill,621-870-8736,10030-3647
748,748,at,12542 Clemons Lane,888-838-1480,10030-3670
749,749,vitae,38 La Follette Junction,823-293-6733,10030-3673
750,750,id,68455 Buell Pass,313-550-7186,10030-3675
751,751,in,16304 Mesta Crossing,621-454-5131,10030-3715
752,752,risus,8 Mayfield Pass,894-755-8438,10030-3720
753,753,tristique,97 Twin Pines Lane,889-808-6244,10030-3733
754,754,ridiculus,49110 Clemons Avenue,266-835-2735,10030-3742
755,755,rutrum,85325 Hallows Road,964-369-8797,10030-3753
756,756,ullamcorper,1 Pawling Place,158-200-2486,10030-3772
757,757,felis,1100 Warrior Center,392-130-5461,10030-3773
758,758,sit,9596 Brickson Park Court,394-617-4341,10030-3783
759,759,rutrum,576 Norway Maple Lane,281-735-3473,10030-3810
760,760,urna,69617 Goodland Street,770-551-8514,10030-3813
761,761,nec,09883 Atwood Drive,305-925-9399,10030-3830
762,762,vivamus,981 Little Fleur Road,822-367-1113,10030-3882
763,763,pede,2262 Grover Way,940-517-9939,10030-3884
764,764,nunc,253 Tomscot Street,837-190-0191,10030-3898
765,765,tempor,2 Lakeland Terrace,967-751-5863,10030-3904
766,766,amet,12866 Fair Oaks Drive,260-954-6880,10030-3935
767,767,sem,231 Butterfield Pass,577-734-3289,10030-3940
768,768,mi,90641 Brown Trail,293-756-1715,10030-3987
769,769,eget,77 Magdeline Center,360-771-6822,10030-4006
770,770,nibh,2 Lakewood Point,861-361-6270,10030-4030
771,771,elit,44 Bay Trail,673-548-7210,10030-4050
772,772,cras,7 Vernon Avenue,595-254-6880,10030-4072
773,773,libero,96449 Butterfield Way,205-496-9724,10030-4117
774,774,et,7132 Emmet Avenue,289-483-0061,10030-4121
775,775,semper,388 Warrior Street,886-766-3113,10030-4145
776,776,nulla,44 Melrose Avenue,274-452-1012,10030-4166
777,777,et,1 Tony Pass,917-196-6381,10030-4181
778,778,mattis,397 Chive Parkway,763-262-5147,10030-4279
779,779,ligula,2893 Westport Alley,346-709-6439,10030-4299
780,780,morbi,7 Caliangt Avenue,671-708-7237,10030-4346
781,781,morbi,5 Haas Hill,852-928-6375,10030-4354
782,782,vel,4979 Gulseth Parkway,189-729-7392,10030-4378
783,783,urna,7 Transport Junction,259-845-0248,10030-4386
784,784,maecenas,7 Jana Alley,546-456-6540,10030-4393
785,785,blandit,9407 Lien Park,497-791-8698,10030-4397
786,786,ultrices,4 Sheridan Way,612-609-7070,10030-4453
787,787,platea,83 Darwin Court,296-828-9559,10030-4522
788,788,venenatis,3183 Darwin Junction,620-104-1692,10030-4551
789,789,consequat,84774 Longview Park,303-212-9350,10030-4574
790,790,proin,696 Grasskamp Avenue,636-272-2515,10030-4580
791,791,sed,0 West Parkway,704-464-8065,10030-4588
792,792,posuere,17585 Burning Wood Park,973-394-1204,10030-4592
793,793,donec,2605 Tennessee Court,535-132-0977,10030-4617
794,794,vestibulum,17196 Surrey Avenue,513-191-9281,10030-4620
795,795,nisi,28 Lunder Park,148-201-9319,10030-4647
796,796,interdum,307 Pawling Alley,268-635-6514,10030-4656
797,797,quis,26 South Point,417-300-3892,10030-4657
798,798,donec,85 Larry Lane,756-246-1324,10030-4689
799,799,nulla,5 Gale Terrace,201-455-2183,10030-4697
800,800,primis,0 Caliangt Drive,618-128-0426,10030-4708
801,801,porttitor,1 Lunder Lane,311-433-5425,10030-4719
802,802,ante,93 Clarendon Center,483-271-6753,10030-4731
803,803,quam,3 Stuart Plaza,910-160-8824,10030-4757
804,804,nunc,8993 Summit Alley,595-595-2468,10030-4768
805,805,in,002 International Junction,910-568-0021,10030-4772
806,806,sed,3 Lukken Junction,160-841-8763,10030-4868
807,807,vel,761 Warbler Road,311-799-6606,10030-4871
808,808,arcu,4 Blackbird Way,729-895-5742,10030-4887
809,809,blandit,59667 Springs Plaza,113-187-9437,10030-4891
810,810,felis,2 Sullivan Avenue,921-258-3261,10030-4913
811,811,morbi,8 La Follette Court,917-442-2663,10030-4926
812,812,vestibulum,5 Thompson Lane,439-697-5153,10030-4940
813,813,ac,04865 Forest Drive,657-722-5726,10030-4956
814,814,amet,3959 Heath Center,477-935-0593,10030-4967
815,815,aliquam,9 Redwing Place,331-654-7291,10030-4999
816,816,diam,81 Hanson Drive,504-938-6978,10030-5026
817,817,diam,316 Manufacturers Plaza,623-221-3375,10030-5033
818,818,sed,7 Acker Street,497-760-7842,10030-5088
819,819,commodo,813 Morrow Parkway,652-472-7496,10030-5103
820,820,vel,8 Beilfuss Circle,342-461-8283,10030-5104
821,821,primis,56 Dayton Pass,433-176-3997,10030-5107
822,822,posuere,2361 Oneill Alley,566-808-3419,10030-5128
823,823,luctus,629 Caliangt Avenue,892-452-0719,10030-5212
824,824,cursus,820 Crescent Oaks Place,904-956-7321,10030-5226
825,825,maecenas,7 Banding Parkway,422-499-5703,10030-5237
826,826,id,2875 Mariners Cove Way,828-955-7219,10030-5264
827,827,quisque,14179 Hansons Place,938-407-8336,10030-5326
828,828,amet,1832 Texas Trail,973-502-4109,10030-5353
829,829,consequat,13 Twin Pines Drive,698-917-4569,10030-5378
830,830,nulla,7096 Bartelt Lane,716-654-6275,10030-5396
831,831,faucibus,404 Pearson Parkway,819-695-9409,10030-5431
832,832,erat,3 Redwing Avenue,518-789-1409,10030-5450
833,833,velit,493 Lunder Alley,212-519-7373,10030-5477
834,834,dolor,909 Marcy Plaza,172-433-2554,10030-5486
835,835,nam,5 Iowa Crossing,495-533-0788,10030-5491
836,836,placerat,62 Derek Terrace,292-771-8746,10030-5509
837,837,nibh,053 Armistice Terrace,679-545-4945,10030-5512
838,838,duis,34 Duke Parkway,118-414-3610,10030-5525
839,839,lacinia,1 Dixon Street,683-639-1753,10030-5544
840,840,nibh,067 Anniversary Drive,581-751-8678,10030-5553
841,841,ut,7325 Hansons Center,591-246-7436,10030-5558
842,842,libero,621 Cody Crossing,254-455-3973,10030-5562
843,843,lobortis,81605 Manufacturers Trail,505-428-6639,10030-5580
844,844,nisi,037 American Center,310-979-4085,10030-5609
845,845,donec,0218 Lunder Circle,857-854-1475,10030-5611
846,846,sapien,60 Spaight Junction,752-311-1933,10030-5631
847,847,erat,81 Cardinal Circle,172-467-1725,10030-5634
848,848,semper,2718 Granby Lane,363-759-9267,10030-5636
849,849,cubilia,96172 Pine View Way,656-785-7271,10030-5657
850,850,nulla,6 Thackeray Circle,144-518-4222,10030-5659
851,851,fusce,9 East Pass,958-381-3258,10030-5681
852,852,ipsum,3 Texas Point,363-897-0057,10030-5687
853,853,purus,05 Anniversary Drive,330-431-5511,10030-5731
854,854,dis,78 Anzinger Junction,350-591-8667,10030-5797
855,855,curabitur,01655 Basil Point,372-372-8006,10030-5818
856,856,orci,5434 Utah Place,386-980-0298,10030-5851
857,857,amet,811 Hermina Road,639-886-6209,10030-5862
858,858,id,4 Surrey Lane,705-218-4877,10030-5875
859,859,augue,3583 Quincy Way,755-498-1244,10030-5881
860,860,ultricies,52772 Erie Circle,157-117-7504,10030-5916
861,861,vestibulum,61329 Goodland Pass,808-906-1717,10030-5929
862,862,curae,73857 Scofield Terrace,831-613-3839,10030-5961
863,863,augue,15 Roth Pass,976-298-3250,10030-5985
864,864,sagittis,5553 Larry Pass,850-953-8749,10030-5995
865,865,mollis,859 Vernon Street,760-368-7201,10030-6015
866,866,neque,01 Larry Place,197-401-2188,10030-6030
867,867,id,47167 Grasskamp Alley,522-760-9241,10030-6042
868,868,nulla,4661 Pennsylvania Trail,571-536-3119,10030-6051
869,869,sit,804 Knutson Alley,171-673-0721,10030-6068
870,870,tempor,407 Forest Drive,660-599-0365,10030-6082
871,871,natoque,0075 Maryland Terrace,534-899-0019,10030-6089
872,872,pharetra,2 Johnson Parkway,288-379-1781,10030-6154
873,873,non,92551 Forest Run Way,175-235-4000,10030-6242
874,874,mauris,7299 Nova Court,214-509-6587,10030-6249
875,875,non,113 Clove Junction,185-936-0283,10030-6250
876,876,et,7 Jackson Trail,462-706-5856,10030-6266
877,877,donec,19 Northridge Street,384-875-0294,10030-6291
878,878,quam,42 Southridge Circle,333-304-3371,10030-6334
879,879,consequat,778 Helena Alley,852-106-8726,10030-6341
880,880,vitae,321 Kim Junction,467-398-8473,10030-6348
881,881,nec,28 Onsgard Trail,918-720-4632,10030-6369
882,882,quis,31065 Fairview Center,434-439-9506,10030-6371
883,883,ac,8392 Maywood Parkway,475-846-9975,10030-6379
884,884,luctus,69897 Hudson Center,508-711-6333,10030-6411
885,885,at,661 Derek Plaza,276-558-0847,10030-6427
886,886,tincidunt,51 Eliot Place,137-477-9575,10030-6454
887,887,quam,4546 Drewry Pass,332-612-5169,10030-6493
888,888,porttitor,87370 Darwin Plaza,668-616-0838,10030-6516
889,889,sollicitudin,8154 Loeprich Court,546-408-3405,10030-6527
890,890,rhoncus,059 Schmedeman Alley,656-592-1198,10030-6583
891,891,eu,06 Messerschmidt Hill,599-991-9687,10030-6596
892,892,ante,55832 Barnett Junction,277-674-9514,10030-6605
893,893,neque,84764 Upham Crossing,336-532-5343,10030-6626
894,894,ut,01124 Iowa Plaza,719-702-4808,10030-6645
895,895,non,58 Lerdahl Avenue,257-569-4983,10030-6649
896,896,ut,711 Parkside Alley,618-238-0147,10030-6653
897,897,convallis,320 Almo Trail,161-118-1239,10030-6659
898,898,a,624 Mallory Street,730-323-6194,10030-6663
899,899,metus,33 North Trail,964-495-1547,10030-6683
900,900,tempus,7 Cardinal Center,874-312-2301,10030-6700
901,901,leo,098 Golden Leaf Court,309-189-3413,10030-6708
902,902,augue,781 Lerdahl Place,763-646-1030,10030-6718
903,903,augue,1315 Menomonie Crossing,586-693-1049,10030-6755
904,904,vestibulum,773 Orin Junction,331-509-5607,10030-6758
905,905,mauris,2 Carioca Terrace,588-991-5846,10030-6768
906,906,congue,18 Fairfield Drive,799-908-8733,10030-6777
907,907,ipsum,39 Gateway Trail,667-845-7969,10030-6912
908,908,nulla,78 Village Trail,350-351-2363,10030-6950
909,909,morbi,8258 Anhalt Road,114-965-3307,10030-6975
910,910,duis,8672 Debs Terrace,564-111-5593,10030-7039
911,911,semper,5 Rockefeller Terrace,317-486-2097,10030-7057
912,912,sapien,13 Nevada Alley,402-403-8524,10030-7076
913,913,nulla,7975 Butterfield Crossing,562-763-0707,10030-7094
914,914,vitae,4 Autumn Leaf Terrace,599-856-1360,10030-7150
915,915,blandit,57968 Summerview Drive,308-129-9153,10030-7153
916,916,praesent,878 Artisan Court,480-184-9028,10030-7158
917,917,nunc,04 Hazelcrest Alley,387-612-0273,10030-7159
918,918,elit,45673 Oak Valley Point,493-560-3490,10030-7187
919,919,etiam,5865 Acker Avenue,243-661-8500,10030-7193
920,920,auctor,81253 Prentice Crossing,397-390-1476,10030-7197
921,921,natoque,149 Judy Terrace,721-319-3200,10030-7264
922,922,integer,86251 Myrtle Point,280-306-3001,10030-7274
923,923,in,770 Larry Point,659-795-2256,10030-7280
924,924,adipiscing,3 Forest Dale Crossing,324-479-8636,10030-7295
925,925,lacus,9 Leroy Terrace,732-126-9103,10030-7305
926,926,magnis,85561 Lien Parkway,209-933-5953,10030-7309
927,927,hac,400 Cordelia Drive,984-468-4384,10030-7314
928,928,pulvinar,35425 Southridge Point,412-962-1575,10030-7342
929,929,montes,4259 Northfield Lane,619-596-7914,10030-7370
930,930,massa,65096 Declaration Circle,515-606-9855,10030-7375
931,931,fringilla,4962 Stang Alley,527-742-6232,10030-7394
932,932,blandit,43074 Springs Drive,956-318-6426,10030-7401
933,933,consequat,4008 Russell Point,459-703-0105,10030-7413
934,934,sapien,322 Swallow Avenue,549-900-7432,10030-7477
935,935,ultrices,7 Michigan Lane,793-977-9590,10030-7488
936,936,massa,78231 Prairie Rose Street,411-365-3308,10030-7520
937,937,nisl,91 Ridgeway Court,213-797-8109,10030-7526
938,938,tellus,82077 Gateway Trail,412-567-7455,10030-7534
939,939,nam,07 Clemons Crossing,139-132-4817,10030-7558
940,940,lacus,023 Mayfield Court,597-895-2203,10030-7569
941,941,sapien,21 Menomonie Park,130-835-7459,10030-7571
942,942,molestie,474 Gulseth Court,427-741-1299,10030-7575
943,943,eu,5 Mandrake Lane,299-184-6844,10030-7596
944,944,mauris,05 Hagan Plaza,179-469-7449,10030-7597
945,945,sit,463 Hoffman Crossing,473-991-0164,10030-7613
946,946,leo,69 Old Gate Crossing,120-527-4933,10030-7621
947,947,ut,5205 Boyd Court,857-660-9673,10030-7623
948,948,nibh,16 East Circle,253-333-5964,10030-7631
949,949,orci,57230 Hoard Way,712-634-3508,10030-7634
950,950,iaculis,63432 West Drive,406-998-4772,10030-7646
951,951,lorem,1968 Pearson Drive,787-516-8658,10030-7652
952,952,placerat,08 Quincy Road,324-771-5616,10030-7695
953,953,sed,34 Nobel Road,984-982-6174,10030-7710
954,954,magna,2 American Lane,427-908-0175,10030-7786
955,955,elit,11 Harbort Parkway,476-950-6097,10030-7800
956,956,feugiat,73 Holy Cross Plaza,761-252-2880,10030-7861
957,957,amet,30773 Atwood Crossing,713-566-9543,10030-7864
958,958,vulputate,45394 Esch Hill,372-388-5505,10130-1241
959,959,nisl,46 Sugar Terrace,567-659-8242,10130-1262
960,960,tristique,1 Sunbrook Plaza,123-467-5338,10130-1265
961,961,eget,02 Loomis Crossing,999-293-9257,10130-1301
962,962,amet,37 Columbus Trail,581-450-7267,10130-1306
963,963,potenti,68618 Hayes Parkway,829-561-6388,10130-1307
964,964,ultrices,55760 Thompson Circle,273-187-4552,10130-1330
965,965,fermentum,6 Susan Crossing,996-120-4573,10130-1331
966,966,interdum,5 Kenwood Terrace,983-741-4980,10130-1333
967,967,mattis,65061 Elgar Place,536-520-5091,10130-1362
968,968,odio,4929 Thackeray Crossing,236-634-0999,10130-1393
969,969,mauris,18949 Dwight Parkway,809-627-3848,10130-1404
970,970,in,04646 Morrow Parkway,521-837-4738,10130-1405
971,971,tincidunt,2 Schmedeman Road,381-856-4861,10130-1406
972,972,sit,84 Debra Plaza,402-870-9725,10130-1439
973,973,vitae,49 Westridge Circle,785-566-3382,10130-1443
974,974,donec,65 Sloan Place,319-763-7068,10130-1448
975,975,mauris,40779 Westridge Court,281-133-2971,10130-1468
976,976,facilisi,4118 Old Gate Lane,252-121-4732,10130-1478
977,977,eu,926 Nevada Circle,669-248-4672,10130-1558
978,978,maecenas,58 Forest Circle,345-864-0997,10130-1563
979,979,sem,52227 Little Fleur Junction,262-713-1348,10130-1582
980,980,lectus,9 Bellgrove Avenue,997-322-4577,10130-1591
981,981,id,296 Clyde Gallagher Road,799-117-9500,10130-1605
982,982,donec,7129 Del Sol Terrace,269-140-5499,10130-1607
983,983,lectus,0547 Oak Trail,671-364-7087,10130-1617
984,984,amet,285 Springview Avenue,160-695-6875,10130-1633
985,985,leo,9 5th Parkway,390-359-6729,10130-1639
986,986,mollis,7811 Farmco Trail,154-954-5645,10130-1675
987,987,orci,2 Blaine Circle,290-714-9524,10130-1696
988,988,risus,6488 Warner Alley,244-537-6588,10130-1704
989,989,cras,044 Scott Street,868-491-2943,10130-1711
990,990,rutrum,72417 Killdeer Pass,471-162-7138,10130-1717
991,991,condimentum,7549 Union Point,581-479-1374,10130-1722
992,992,venenatis,649 Prentice Drive,951-465-1819,10130-1756
993,993,turpis,83 Cordelia Lane,487-747-4071,10130-1788
994,994,eu,582 Manley Way,765-954-0569,10130-1796
995,995,quis,7 Pine View Center,977-849-0476,10130-1800
996,996,ipsum,65 Moulton Parkway,646-585-7361,10130-1825
997,997,convallis,37 Eagle Crest Parkway,499-410-0852,10130-1826
998,998,cras,7 Walton Park,554-674-5282,10130-1841
999,999,imperdiet,7 Upham Junction,176-651-6869,10130-1849
1000,1000,ut,2 Cardinal Circle,540-152-6312,10130-1851
